Timestamp,Acc_X,Acc_Y,Acc_Z,Gyro_X,Gyro_Y,Gyro_Z,Mag_X,Mag_Y,Mag_Z,Force,IR_A,Letter,Roll,Pitch,Lin_Acc_X,Lin_Acc_Y,Lin_Acc_Z
2025-02-19 17:38:10.117,440,-35,891,0,0,0,-1,-2,-1,296,5,noise,2.249519396513829,26.263878744959303,882.5059265420184,-70.19933506584238,-5.07450124758725
2025-02-19 17:38:10.216,448,-32,884,0,0,-1,-1,-2,1,270,5,noise,2.073150148846427,26.860190065210535,899.8149663528245,-64.27249759663032,-7.527746106912673
2025-02-19 17:38:10.322,438,-33,882,-2,0,-1,0,-2,-1,268,4,noise,2.1427201644785763,26.39297118200933,882.5252934888125,-66.4916317012119,-13.139974559663642
2025-02-19 17:38:10.427,457,-36,884,-1,-1,0,0,-3,0,263,5,noise,2.3320236816230584,27.318170693179432,915.9313460829701,-72.15214104811142,-3.7359079591805084
2025-02-19 17:38:10.537,446,-22,890,-1,1,0,-1,-3,-1,260,5,noise,1.4160118042848013,26.60952127429152,893.907670047683,-44.09410031625343,-3.8067855211612596
2025-02-19 17:38:10.646,443,-39,884,-1,-2,0,-2,-2,-1,262,5,noise,2.5261169116195554,26.594573348828984,890.6743978626725,-78.41151583892604,-9.327692348990013
2025-02-19 17:38:10.752,447,-42,888,0,-4,-2,-2,-2,0,268,6,noise,2.7079174858661985,26.69399464832763,896.2253590702553,-84.20909414082936,-4.420847548963707
2025-02-19 17:38:10.855,442,-34,886,-3,0,0,0,-4,1,265,7,noise,2.1976310374164734,26.496457531645667,888.1424804911787,-68.3186523454753,-8.303705237973645
2025-02-19 17:38:10.957,476,-38,881,2,-1,0,-2,-3,0,252,7,noise,2.469796730644219,28.3598729584806,951.0080314837617,-75.92080923609862,1.8359753420292009
2025-02-19 17:38:11.068,434,-39,881,-3,-1,1,-1,-1,0,250,6,noise,2.534707698987377,26.203645976387676,875.5629482992744,-78.67961977804538,-15.3524365245637
2025-02-19 17:38:11.182,459,-30,879,-1,-1,-1,-2,-3,0,259,6,noise,1.954728611632676,27.559175107375427,921.6644719995029,-60.23950797382372,-7.017583633035088
2025-02-19 17:38:11.283,459,-37,884,0,-3,-1,0,-2,0,262,6,noise,2.39672759578411,27.419225989055967,919.497671368762,-74.1207273216649,-2.884404117615759
2025-02-19 17:38:11.394,446,-24,875,-2,-4,-1,-2,0,1,221,6,noise,1.5711474546400852,26.999873025922476,899.9885251648693,-48.429875793625264,-15.672554975921003
2025-02-19 17:38:11.497,476,-31,874,1,-12,-1,-3,-2,2,149,7,noise,2.031378587642174,28.558575913594026,954.056962875667,-62.133961867953104,-3.776860406161518
2025-02-19 17:38:11.607,479,-31,869,-1,-4,2,-2,-1,0,0,7,noise,2.04305673501944,28.848517974099483,961.4955563777776,-62.22622598687079,-6.341625244861575
2025-02-19 17:38:11.707,475,-39,866,-2,-5,-1,-1,-3,2,0,7,noise,2.578552658249894,28.720250738470668,955.53348779068,-78.45432847123479,-10.0884219510084
2025-02-19 17:38:11.821,494,-34,862,-2,-2,-1,-3,-2,2,0,7,noise,2.2587554613136334,29.79720301014254,990.9315990050862,-68.20176997200998,-5.115462231547326
2025-02-19 17:38:11.927,484,-37,858,-2,-2,0,-3,-1,3,0,7,noise,2.4692671276623517,29.404685170342074,974.9749925633413,-74.53321224141246,-12.36475954410514
2025-02-19 17:38:12.034,487,-38,867,-2,0,-1,0,-3,2,1,7,noise,2.5096275223385165,29.299758703829816,976.3787791009477,-76.18561315366738,-4.23491063762151
2025-02-19 17:38:13.458,763,-127,670,18,-20,-8,-9,-3,15,841,47,A,10.73320410050059,48.21128565869657,1508.607273389301,-251.10501142914967,15.272774350155146
2025-02-19 17:38:13.547,742,-119,643,15,-8,-12,-8,-4,15,855,63,A,10.485095214684447,48.61051787131954,1492.2324549920236,-239.32029938551324,-7.134054662899189
2025-02-19 17:38:13.660,751,-88,637,9,-1,-5,-7,-4,15,867,72,A,7.8654877038163695,49.427944077533006,1510.5886101213566,-177.00638840303515,-7.284879690152138
2025-02-19 17:38:13.767,751,-76,631,-2,1,-10,-8,-4,12,867,75,A,6.8678356154061735,49.75924734344071,1514.3367420485067,-153.24845858280494,-10.36549165460417
2025-02-19 17:38:13.877,772,-82,654,-6,-3,-9,-10,-5,15,865,86,A,7.146580435016877,49.509857141476374,1532.517685111687,-162.78037587973876,9.727246032327457
2025-02-19 17:38:13.984,914,174,531,14,-7,25,-8,-6,14,682,87,A,-18.14312224878568,58.56011343392741,1767.1878886296722,336.42307726648016,35.3295745488449
2025-02-19 17:38:14.090,667,-210,679,-26,22,-56,-9,-4,14,822,77,A,17.18570614422477,43.18189753968239,1351.3167559246897,-425.4520520902322,-17.62830175841725
2025-02-19 17:38:14.197,724,63,669,-7,-22,66,-8,-7,14,809,87,A,-5.379701599125408,47.13494867453478,1456.9579814128106,126.77949285774454,-8.277471775096728
2025-02-19 17:38:14.303,543,86,542,14,42,-38,-8,-4,13,739,73,A,-9.01604894801022,44.69664852213046,1246.3531238727032,197.39662735368782,-160.05781425231157
2025-02-19 17:38:14.407,843,147,558,14,-46,19,-8,-5,14,760,84,A,-14.75872446075645,55.60814565772768,1668.1938104775004,290.8950060975,11.78630338499977
2025-02-19 17:38:14.508,972,25,639,4,62,13,-8,-4,12,853,70,A,-2.2404762483591423,56.658668394163065,1807.4110939130474,46.48691085167304,89.79455863123724
2025-02-19 17:38:15.340,739,-12,671,-4,0,-3,-9,-6,13,852,71,B,1.0245544990727404,47.75650219155819,1479.2944260327981,-24.02101909660836,-1.175317818684107
2025-02-19 17:38:15.431,708,-6,662,4,-5,-10,-9,-7,13,850,77,B,0.5192828765891615,46.92190346819141,1438.4234303767694,-12.19002907098957,-20.96654083251599
2025-02-19 17:38:15.545,741,-92,665,-10,-6,-27,-8,-8,13,807,83,B,7.876636265942376,47.82394271809932,1482.0852297024053,-184.01058182539987,-0.07648819446637845
2025-02-19 17:38:15.647,858,188,505,3,1,31,-9,-6,15,779,91,B,-20.419152870452155,57.86950385956663,1704.8389602243813,373.5544574850626,6.56914345767774
2025-02-19 17:38:15.758,781,-116,636,-6,-2,-49,-9,-8,13,841,83,B,10.336554146499314,50.38290116597055,1551.32298141913,-230.41416881513328,8.69472959978657
2025-02-19 17:38:15.865,645,54,772,-19,-13,40,-9,-8,13,862,84,B,-4.001218712476523,39.80971093989436,1285.2399050319111,107.6014804212763,5.697353977309376
2025-02-19 17:38:15.967,937,28,636,-18,-15,26,-8,-7,13,827,85,B,-2.520827907710173,55.807048318374136,1764.1497134687568,52.717387382204045,74.56220088993678
2025-02-19 17:38:16.073,839,10,517,3,7,19,-8,-6,14,726,92,B,-1.1080974046325034,58.35343238918752,1690.3007790679585,20.14661238460021,-7.579860283831067
2025-02-19 17:38:16.187,573,-64,640,-49,55,-5,-8,-4,13,786,38,B,5.710593137499642,41.696861184536665,1238.1894508271525,-138.29690201210778,-102.96902012107785
2025-02-19 17:38:16.900,748,-38,650,-2,-2,-1,-9,-5,13,832,73,C,3.3457911911976312,48.96148271667252,1502.2683717987052,-76.31844669565616,-5.447114530960562
2025-02-19 17:38:16.998,684,-41,645,4,-17,-8,-10,-7,14,849,82,C,3.637163767705306,46.62321859128322,1410.8530472418506,-84.56867680835653,-40.409671741218745
2025-02-19 17:38:17.104,709,-81,696,6,0,-23,-7,-6,16,841,86,C,6.63818129294741,45.33744271691738,1420.2589895806905,-162.25807920456407,-2.217569461439325
2025-02-19 17:38:17.207,888,164,517,1,-4,52,-7,-7,13,656,85,C,-17.59979253070111,58.58351626739662,1741.400869875717,321.6100705626324,20.143862921457526
2025-02-19 17:38:17.321,727,-57,693,13,-7,1,-9,-5,13,878,82,C,4.702055423316216,46.27513316530424,1449.6672292386454,-113.66029170096667,4.1301377408788085
2025-02-19 17:38:17.429,474,-147,738,-26,36,3,-9,-3,11,834,29,C,11.265135157493244,32.20691367855653,1006.9783793199935,-312.29076320683345,-91.82709691593925
2025-02-19 17:38:18.247,740,-30,655,2,-4,-3,-11,-6,14,830,73,D,2.622401460541092,48.457032935378635,1488.458600367126,-60.34291623109972,-7.487004379010386
2025-02-19 17:38:18.338,742,6,652,5,0,-7,-8,-7,13,839,79,D,-0.5272468916673372,48.69282380267662,1493.1814635433257,12.07424364051207,-8.067808935644734
2025-02-19 17:38:18.453,715,-144,636,-3,1,-28,-8,-5,13,831,84,D,12.75753216087668,47.634390485171906,1453.8599422113796,-292.80535899082327,-21.223668876136117
2025-02-19 17:38:18.555,781,89,652,12,8,37,-9,-5,14,726,86,D,-7.773008846315996,49.8835517234793,1545.736456591515,176.146664067407,13.577247506187177
2025-02-19 17:38:18.667,817,-64,689,-18,-18,-27,-8,-6,13,866,78,D,5.306876322266018,49.73674667566444,1580.082991748136,-123.77639103045374,45.469790312771465
2025-02-19 17:38:18.772,746,176,655,-18,-2,61,-8,-6,14,758,85,D,-15.040251275587375,47.72412789057829,1485.914442450664,350.56426524305203,5.343217419323423
2025-02-19 17:38:18.878,841,33,622,-44,67,18,-9,-5,12,700,54,D,-3.0369608971938264,53.47502375396863,1644.5974904514915,64.53236288335222,27.662735956209872
2025-02-19 17:38:18.988,603,-99,728,0,-21,-13,-9,-4,12,780,37,D,7.744092355605711,39.37718005761806,1237.422696120867,-203.15895010939607,-37.93652201656914
2025-02-19 17:38:19.707,729,-32,665,1,-3,-3,-8,-6,14,824,66,E,2.7549650214232133,47.59567133177698,1467.404395301674,-64.41281296248775,-8.578769376698574
2025-02-19 17:38:19.800,724,-27,663,1,-5,-7,-9,-7,13,820,72,E,2.3320236816230584,47.49458989017136,1461.213541438713,-54.49277019177521,-12.100245820258124
2025-02-19 17:38:19.906,837,-44,671,3,0,-12,-9,-7,14,813,85,E,3.7517290705259754,51.22180121223338,1616.5763330974082,-84.98131261205012,46.03498266623569
2025-02-19 17:38:20.017,735,-213,671,9,-2,-19,-10,-8,14,787,86,E,17.611346549443844,46.23429032520164,1457.1743320220062,-422.28317376964264,11.70887512004606
2025-02-19 17:38:20.119,782,97,642,13,7,25,-8,-4,12,625,87,E,-8.591853159201193,50.29750080462012,1551.3716917814218,192.43357302148064,10.367485775354794
2025-02-19 17:38:20.234,738,61,862,-13,-11,-30,-9,-8,13,789,85,E,-4.0478258516514085,40.49775120680278,1387.418202773711,114.67819833224442,103.46545963287394
2025-02-19 17:38:20.336,651,13,721,2,-8,26,-9,-8,14,883,80,E,-1.0329603788823942,42.0746467448474,1321.098230671972,26.38137787824214,-21.151803862506426
2025-02-19 17:38:20.447,976,-197,475,8,4,-12,-10,-8,12,680,82,E,22.525586263549396,62.21630764107508,1860.7136832958076,-375.5743807472071,44.42725454353615
2025-02-19 17:38:20.547,680,18,699,1,-10,15,-8,-8,12,873,79,E,-1.4751018008569667,44.20113129796281,1377.1792580284775,36.454745065459704,-17.65926670868521
2025-02-19 17:38:20.659,1613,-9,530,33,10,-10,-8,-6,11,682,81,E,0.9728536961449794,71.80804665089819,2563.015906644442,-14.300770712833211,217.84350246648864
2025-02-19 17:38:20.767,698,32,651,-9,-13,21,-8,-6,15,855,80,E,-2.814117344911582,46.960927710893586,1428.888449576167,65.50777992326266,-30.67389781387476
2025-02-19 17:38:20.877,548,-153,702,-15,30,-10,-6,-5,11,780,29,E,12.295266422998148,37.33355120435692,1154.4541088942972,-322.3202165343567,-74.88099351057781
2025-02-19 17:38:21.589,725,-25,675,7,-11,-8,-8,-5,12,778,58,F,2.1210963966614536,47.02582274361976,1456.6609984666914,-50.22968960229969,-6.201619262091867
2025-02-19 17:38:21.689,721,11,672,4,-7,-10,-8,-7,15,788,70,F,-0.9377935899444982,47.01077072917579,1452.4818939442607,22.15991793812325,-9.769532219893222
2025-02-19 17:38:21.797,779,-18,651,-2,0,-14,-10,-7,14,741,85,F,1.5838115708619434,50.10416885349195,1546.2118218005237,-35.727615908099395,9.851224657071953
2025-02-19 17:38:21.902,849,251,568,-9,-8,45,-9,-6,14,560,85,F,-23.84070283790028,53.81700861870556,1656.135601655963,489.62312840476636,28.008219386823612
2025-02-19 17:38:22.012,527,-61,625,-28,10,-61,-9,-7,14,755,73,F,5.574412647192546,40.00379155662662,1169.8383013826337,-135.40822843328397,-137.3793896852868
2025-02-19 17:38:22.119,759,191,613,-2,-22,26,-9,-10,14,846,79,F,-17.30611402626137,49.77084803780443,1522.4675223826403,383.1242381753417,-3.608157075834697
2025-02-19 17:38:22.225,527,116,601,-6,51,17,-9,-7,12,800,60,F,-10.924417186576209,40.72783372321768,1179.4666210359242,259.6169412526891,-143.08432493850148
2025-02-19 17:38:22.331,827,147,567,7,-33,25,-9,-7,12,793,77,F,-14.53445508054012,54.69090824109068,1643.0458847059704,292.05289607228246,7.510258006910476
2025-02-19 17:38:22.443,625,138,490,-63,100,27,-8,-6,12,827,41,F,-15.72895307914411,50.83721812430474,1400.354878023028,309.19835706748455,-117.87822437005389
2025-02-19 17:38:23.157,731,12,663,3,-4,-3,-9,-7,12,785,62,G,-1.0369144645300912,47.78803293896541,1471.6642814656689,24.158647575359815,-8.765278538629786
2025-02-19 17:38:23.253,774,43,639,6,-6,-1,-9,-8,13,826,74,G,-3.8497805501790276,50.393994043463714,1544.4464213912497,85.80257896618053,2.9337683862938775
2025-02-19 17:38:23.357,739,53,658,2,-3,-2,-8,-8,13,858,76,G,-4.60506779075512,48.22634601523988,1484.7824089611163,106.4864244586457,-6.039005543186136
2025-02-19 17:38:23.469,676,-74,693,12,-3,-29,-10,-9,12,825,78,G,6.095067897296087,44.12620661473876,1372.2411888033653,-150.21575143705476,-20.75021278214797
2025-02-19 17:38:23.577,816,198,567,-10,-7,53,-9,-7,13,767,78,G,-19.24952587268173,53.646876037170586,1621.3790283553312,393.42285246857296,7.38001338545007
2025-02-19 17:38:23.683,630,-310,747,7,0,-19,-9,-6,13,869,76,G,22.53812287940793,37.917185542582466,1244.5218537377157,-612.3837692995108,18.35265913956573
2025-02-19 17:38:23.788,829,148,721,-21,-2,9,-8,-4,13,853,78,G,-11.599996558863872,48.39951125856184,1576.7924270829444,281.50214621022405,70.62805798938132
2025-02-19 17:38:23.896,769,8,634,54,1,-28,-8,-6,13,819,77,G,-0.7229367684375153,50.493976622270566,1540.5577096368536,16.026608162672076,-2.108696891762179
2025-02-19 17:38:24.002,932,59,711,1,41,14,-8,-5,14,895,70,G,-4.7436338532739075,52.56603071974097,1726.0543825096765,109.26739116745807,105.2353369480901
2025-02-19 17:38:24.723,738,9,658,2,-6,-5,-9,-8,12,801,67,H,-0.7836320092840681,48.2771765377527,1484.3731321598616,18.10211136780319,-7.465475557166542
2025-02-19 17:38:24.817,732,22,667,3,-3,-2,-11,-7,12,799,71,H,-1.8891309453632483,47.644641603808594,1470.9804943928243,44.20979627956575,-6.360641748652597
2025-02-19 17:38:24.927,735,-1,650,2,-10,-15,-7,-7,13,778,81,H,0.08814728355288569,48.5119090033401,1484.0934310607158,-2.0191747361370282,-12.463578489068368
2025-02-19 17:38:25.030,643,-217,772,8,-12,56,-10,-6,13,765,81,H,15.700040345565537,38.723590517422906,1268.5639316595534,-428.11566589443714,20.934128707348236
2025-02-19 17:38:25.137,710,95,619,-1,1,-50,-10,-5,14,724,84,H,-8.725294552109778,48.58645567965217,1459.9547191873266,195.34605397576905,-34.833762221063466
2025-02-19 17:38:25.247,784,194,583,5,-23,26,-8,-7,14,811,79,H,-18.405460519034115,51.91375583803558,1571.0831401316254,388.76291987950935,-2.2926922152264524
2025-02-19 17:38:25.357,401,-186,567,7,-1,-38,-11,-7,14,866,67,H,18.161680086517165,33.90099446815878,958.7595152061583,-444.71139608066204,-221.65248160072758
2025-02-19 17:38:25.464,797,231,548,-8,-6,77,-8,-7,14,770,81,H,-22.857021134009102,53.27080821436514,1598.4710544994475,463.2958765236792,-3.074200584312507
2025-02-19 17:38:25.571,618,-44,530,-45,73,-8,-8,-4,11,809,43,H,4.745747943802282,49.28617900561386,1375.9770137534929,-97.9660009792131,-120.0450117950669
2025-02-19 17:38:26.289,754,12,663,3,-6,-4,-10,-6,13,825,67,I,-1.0369144645300912,48.66984634767041,1504.9166834628045,23.950928649275404,2.7111921275341047
2025-02-19 17:38:26.382,746,6,660,3,0,-2,-9,-7,13,853,71,I,-0.5208563745019587,48.4990425245895,1494.944647575585,12.023683492565025,-2.605184182152584
2025-02-19 17:38:26.487,721,20,675,7,8,-5,-9,-7,13,821,72,I,-1.6971561896002842,46.87474434257148,1450.861022458047,40.24579812643681,-8.295686767242614
2025-02-19 17:38:26.597,744,-154,600,32,4,-26,-9,-7,14,632,81,I,14.39517865967305,50.21951936246423,1512.5015497490183,-313.07155734052265,-19.759314313724417
2025-02-19 17:38:26.704,705,88,686,8,-2,20,-9,-8,14,880,79,I,-7.309973387794151,45.548839220279895,1418.8476486600848,177.10438735047865,-8.609201391231409
2025-02-19 17:38:26.807,1075,15,820,8,4,-21,-8,-9,13,841,77,I,-1.0479766460064828,52.659326810255564,1870.0431007600678,26.093624661768388,213.54851848999476
2025-02-19 17:38:26.918,785,164,619,7,6,43,-7,-6,12,777,81,I,-14.839199928301628,50.794453279424026,1559.8832992409598,325.8864472299585,7.977372955217675
2025-02-19 17:38:27.033,975,288,651,-24,-16,-20,-7,-6,12,618,79,I,-23.864421839682702,53.86632998381677,1782.6435016082983,526.5654650904512,111.74264661845939
2025-02-19 17:38:27.132,668,8,706,5,-7,18,-7,-8,14,841,80,I,-0.6492161746323026,43.41396810569411,1355.2646216129851,16.230714031293235,-20.360513261627943
2025-02-19 17:38:27.247,478,-138,736,-16,17,-6,-8,-4,12,803,34,I,10.619655276155134,32.55142340281464,1016.0563421521365,-293.33844187655825,-92.47169000831059
2025-02-19 17:38:27.957,738,33,648,2,0,0,-9,-8,13,815,77,J,-2.91532211664252,48.67849724712149,1489.0163860455364,66.58203352236137,-11.429021893641675
2025-02-19 17:38:28.057,729,47,665,-3,2,3,-10,-8,13,793,77,J,-4.042753642027797,47.55758279059425,1466.9559387884792,94.57740620446984,-8.169683531328701
2025-02-19 17:38:28.167,774,51,623,-20,-2,-13,-8,-7,14,647,82,J,-4.679909376927104,51.07558588548786,1551.975498627483,102.26195145995044,-3.1999168539043694
2025-02-19 17:38:28.270,661,130,663,-1,-34,25,-9,-9,14,845,80,J,-11.093723011557849,44.37311404420488,1360.3279982964764,267.53803294786985,-38.44396803413599
2025-02-19 17:38:28.379,740,119,636,-9,38,-20,-8,-7,14,827,74,J,-10.597896697684142,48.83438065857883,1492.8100237714632,240.05999030919475,-11.009696106284537
2025-02-19 17:38:28.487,694,32,735,-18,-10,63,-9,-8,14,773,80,J,-2.4929357985089573,43.32947508773139,1380.1926556344088,63.64000717622635,8.268585171050972
2025-02-19 17:38:28.598,918,-177,532,21,23,-26,-9,-6,13,446,84,J,18.402633101863042,58.58534570130154,1771.4175129333642,-341.5478211211389,37.426887929684426
2025-02-19 17:38:28.701,536,-37,760,-16,12,7,-8,-5,11,647,40,J,2.787199153252162,35.16197106733979,1111.8898255859604,-76.75358870649353,-56.56020045770492
2025-02-19 17:38:29.519,750,41,666,2,6,-1,-9,-7,12,710,74,K,-3.522771915595386,48.34111491930895,1497.1153531337568,81.84230597131204,2.5615664172239576
2025-02-19 17:38:29.617,712,37,644,3,-8,-14,-10,-7,13,675,78,K,-3.2882234164081967,47.82386378989655,1453.084304794822,75.51140347950619,-26.306590291945554
2025-02-19 17:38:29.725,823,-271,709,24,-1,11,-8,-10,13,656,82,K,20.91828047966134,47.315628296056786,1558.0995461818804,-513.0558651461599,75.724692292888
2025-02-19 17:38:29.831,948,219,615,6,-12,1,-8,-6,13,761,82,K,-19.600690429223196,55.447208493682616,1771.6039603225595,409.26294020109754,80.69996244897266
2025-02-19 17:38:29.940,759,94,670,-7,-18,-21,-10,-9,12,854,79,K,-7.9863841450902004,48.28663889132272,1505.4830333681891,186.44980913914335,11.049232731637971
2025-02-19 17:38:30.043,976,29,414,4,8,-2,-9,-8,14,441,84,K,-4.006927346856489,66.96384527444766,1896.25811143683,56.34373486851237,23.64461256675446
2025-02-19 17:38:30.154,705,71,660,-1,-11,27,-9,-6,13,729,87,K,-6.140024307103919,46.7237029510089,1433.0564146788038,144.32199353502847,-21.584728635475585
2025-02-19 17:38:30.261,564,-135,719,-20,39,-2,-7,-4,12,673,38,K,10.634088673997383,37.63045957875135,1174.5662746329544,-281.146182757888,-59.36374372534442
2025-02-19 17:38:30.977,741,3,659,0,-3,-4,-8,-7,13,715,67,L,-0.2608287574529295,48.3517711293419,1488.2389640319302,6.025258963692027,-5.548552357681615
2025-02-19 17:38:31.071,736,1,658,2,-3,-3,-9,-7,14,713,68,L,-0.08707558571712846,48.202560761630565,1481.5057887551015,2.01291547385204,-8.498381794642341
2025-02-19 17:38:31.177,708,27,647,2,-9,-22,-9,-7,14,709,82,L,-2.3896274620464246,47.55280346553618,1445.8996437286673,55.14024065066951,-27.323544480858345
2025-02-19 17:38:31.287,759,-11,695,5,-3,-1,-10,-9,13,695,84,L,0.9067639646127293,47.51675928865723,1496.4749186234458,-21.688042298890526,19.710054751917028
2025-02-19 17:38:31.396,826,109,552,-6,3,25,-8,-6,14,114,84,L,-11.170138238837714,55.7378933237079,1652.4708092269784,218.06212857837846,-0.31463280059563203
2025-02-19 17:38:31.502,712,16,649,4,-9,12,-9,-5,14,809,82,L,-1.4122447060701095,47.641634567765266,1450.9451343861815,32.605508637891724,-24.560944124482944
2025-02-19 17:38:31.607,608,-78,690,-33,45,2,-7,-5,10,746,38,L,6.449534703842278,41.20482935539982,1266.7528774413443,-162.51105993490933,-57.597837885736226
2025-02-19 17:38:32.528,741,19,665,3,-4,-10,-9,-7,13,714,69,M,-1.6365770416167182,48.08243766094695,1485.1068068056318,38.07966171296492,-2.7881599537721513
2025-02-19 17:38:32.624,795,15,669,3,0,-11,-8,-7,13,582,80,M,-1.2844435218007777,49.911978907144245,1560.0560520097915,29.43501984924135,25.198114723835943
2025-02-19 17:38:32.736,760,270,620,-22,-13,67,-10,-9,13,287,83,M,-23.532348560901013,48.33766561072123,1507.0753359858822,535.4083430476162,10.543804853622191
2025-02-19 17:38:32.841,717,-84,584,-4,18,-52,-8,-6,12,689,73,M,8.185035970605453,50.549470701083,1489.173502560293,-174.46384130413472,-44.93908716207943
2025-02-19 17:38:32.947,904,-42,668,3,-22,11,-8,-7,14,751,80,M,3.5976934716828888,53.483856882175694,1707.6892370611754,-79.33954419974488,74.12343987072438
2025-02-19 17:38:33.053,741,126,548,29,-10,-38,-9,-6,13,859,80,M,-12.948792397917702,52.80739669015813,1537.6079630748065,261.4556050572545,-41.12437755059909
2025-02-19 17:38:33.161,734,76,661,0,-2,67,-8,-8,15,840,80,M,-6.558913161265679,47.808387411489825,1474.9029201463911,152.71474377537564,-6.216389941096054
2025-02-19 17:38:33.268,967,38,581,-49,94,17,-8,-4,13,845,50,M,-3.742070579423169,58.94739049137833,1823.6940267567406,71.66532886944792,66.27484018028315
2025-02-19 17:38:33.987,703,33,645,-1,-4,-3,-10,-8,13,713,62,N,-2.9288581996931056,47.426419548776096,1439.409121855078,67.56828025777747,-30.652750492923474
2025-02-19 17:38:34.082,729,61,659,6,-4,-8,-9,-8,13,698,69,N,-5.288484822448023,47.76549748851413,1469.399963660731,122.95390642428612,-10.305316944336937
2025-02-19 17:38:34.189,758,20,646,-8,0,-9,-8,-9,13,601,82,N,-1.773296715560803,49.54739522475877,1518.942930572657,40.077649883183554,-2.5080912268288102
2025-02-19 17:38:34.300,801,291,570,-14,-6,39,-9,-8,12,349,82,N,-27.04550766800614,51.37574965448712,1582.2563464013876,574.8272119885191,14.049790950323313
2025-02-19 17:38:34.407,682,-156,685,20,3,-51,-10,-9,12,723,80,N,12.829570193395005,44.150107122382515,1378.540556445153,-315.32599238334876,-14.604517837140406
2025-02-19 17:38:34.516,711,160,701,-42,-32,115,-10,-8,13,770,82,N,-12.857245750143896,44.67835930776942,1414.1261827363937,318.2281142585415,7.763074404765121
2025-02-19 17:38:34.619,813,-135,602,15,0,-71,-9,-7,15,836,81,N,12.639611645322281,52.806672334469525,1609.6003207323733,-267.2768060256708,12.143427944786367
2025-02-19 17:38:34.725,630,60,623,-46,53,41,-7,-7,14,835,45,N,-5.501086451406012,45.18784409329409,1339.4212249543473,127.5639261861283,-78.53876689929893
2025-02-19 17:38:35.442,774,18,638,1,-1,0,-9,-8,14,836,76,O,-1.61606665068574,50.4904147409609,1545.518160310718,35.94228279792367,2.045754162483263
2025-02-19 17:38:35.537,772,23,631,4,-6,-2,-10,-6,13,845,79,O,-2.087511535611643,50.72025615270296,1546.0640846553329,46.06149475009411,-1.6870951004081007
2025-02-19 17:38:35.647,727,14,661,3,-1,-19,-9,-7,14,840,80,O,-1.2133449324381589,47.71599323297251,1466.8189272224388,28.24685692037709,-11.655173169232512
2025-02-19 17:38:35.757,778,-64,603,43,19,-11,-9,-8,13,694,80,O,6.058462811428875,52.066524137183826,1566.7250454283098,-128.8822659478301,-8.312599477211847
2025-02-19 17:38:35.857,739,213,713,-30,-18,18,-9,-6,13,815,82,O,-16.632869953527166,44.801599368095935,1443.654016816352,416.1005488252814,33.13759947218
2025-02-19 17:38:35.975,863,108,509,16,24,-27,-9,-10,15,841,78,O,-11.979396603005332,58.91281653522243,1719.3826068983185,215.17186737545586,3.902958387897911
2025-02-19 17:38:36.081,446,-43,743,-48,32,31,-9,-7,10,773,31,O,3.3122118746731632,30.932842378392316,960.0330170220006,-92.55923706714356,-113.3375149043643
2025-02-19 17:38:36.887,726,15,675,0,0,0,-9,-8,11,787,54,P,-1.2730300200567113,47.077739887805926,1458.2783751121897,30.129718494053506,-5.837332232407675
2025-02-19 17:38:36.994,753,58,639,9,-14,-11,-8,-8,13,793,68,P,-5.186344276842634,49.56587982573628,1514.152211044936,116.62792595034033,-6.9180117632322435
2025-02-19 17:38:37.100,758,-1,612,-9,-1,-15,-9,-8,15,760,82,P,0.09362047144048438,51.08297721268451,1536.0565440413438,-2.0264598206350177,-16.193410228631137
2025-02-19 17:38:37.207,794,206,558,-1,-1,32,-9,-7,14,573,85,P,-20.262917067227015,53.161940579284185,1594.3332855838016,413.6431446224976,-4.450848055114761
2025-02-19 17:38:37.314,841,-83,588,2,-5,-50,-9,-8,12,842,78,P,8.03458673494813,54.77413024225857,1657.8845486840482,-163.61999707583354,16.860743607348013
2025-02-19 17:38:37.418,715,118,653,-6,5,48,-9,-7,13,829,80,P,-10.243063740844685,47.13627506754266,1447.9737295065952,238.96629382066888,-16.415168346582846
2025-02-19 17:38:37.527,892,121,567,-43,73,20,-8,-7,13,797,52,P,-12.046441167901929,56.97761379320569,1730.4577063767347,234.73697586500543,34.03417094662734
2025-02-19 17:38:37.637,654,-8,699,18,-32,-12,-7,-8,10,814,37,P,0.6557170593083976,43.09320563229245,1337.1871832498416,-16.357029764524057,-31.195475675289458
2025-02-19 17:38:38.452,711,3,670,2,-5,-1,-7,-6,14,815,51,Q,-0.2565465519843044,46.7002471001041,1438.7757153863845,6.070783609225251,-15.808339393639471
2025-02-19 17:38:38.547,747,12,663,4,-7,0,-11,-7,12,835,59,Q,-1.0369144645300912,48.404677495459694,1494.852289413201,24.013691396196002,-0.7564496398289293
2025-02-19 17:38:38.657,823,130,585,-7,-7,-7,-8,-7,13,850,80,Q,-12.528807709151511,53.9396311967524,1631.397234675183,257.6933663520945,10.379851415574876
2025-02-19 17:38:38.768,688,-38,635,15,8,-36,-10,-8,14,706,83,Q,3.4246396866027284,47.243025323008474,1422.2398728487856,-78.55394646548524,-42.67778962060879
2025-02-19 17:38:38.868,718,229,708,-26,-19,44,-10,-6,14,791,83,Q,-17.92361035059698,43.97679760944534,1412.367011022433,450.4624589472661,23.3038387132558
2025-02-19 17:38:38.977,919,-52,579,16,23,12,-9,-6,13,846,78,Q,5.131966628073688,57.68384731557209,1764.1111563416925,-99.8191296297802,46.55238354533185
2025-02-19 17:38:39.087,939,215,721,-5,-11,-7,-9,-7,12,795,80,Q,-16.604419987828887,51.296554216045806,1719.392803661512,393.68418827180517,121.78465235362091
2025-02-19 17:38:39.193,762,24,623,-1,-8,36,-9,-5,15,838,88,Q,-2.206130141758439,50.71025252357501,1535.953534695806,48.37648928175766,-9.773034272292648
2025-02-19 17:38:39.305,509,-153,733,-8,38,-5,-8,-3,10,761,31,Q,11.79013729706677,34.20615536091374,1071.1722289616896,-321.983007919722,-76.57218826899486
2025-02-19 17:38:39.407,795,-1,658,-2,-3,-5,-8,-6,12,740,37,Q,0.08707558571712846,50.38632944214272,1565.361133874728,-1.9690077155656955,20.392923157772316
2025-02-19 17:38:41.729,753,64,648,-1,0,-1,-11,-9,14,795,79,R,-5.640549432156823,49.14855992903597,1509.4081105383032,128.28966676553972,-2.932876001089653
2025-02-19 17:38:41.818,733,37,651,-4,-3,-6,-8,-9,12,783,80,R,-3.2529425168204287,48.34485118223659,1480.158696326927,74.71469544897175,-12.57477668325987
2025-02-19 17:38:41.930,747,69,646,1,0,-1,-11,-10,14,760,81,R,-6.09671293142597,48.98613894603819,1501.5508436636746,138.69746748700612,-6.529912994289134
2025-02-19 17:38:42.033,749,74,653,1,1,-1,-8,-9,14,789,79,R,-6.4653545670921915,48.735984027301576,1500.6784925997754,148.2646307775479,-2.335187807280704
2025-02-19 17:38:42.142,749,49,661,-5,-4,-6,-10,-9,12,780,80,R,-4.239587653862618,48.49337218890431,1497.8790657955226,97.99208841652951,0.10672564640799465
2025-02-19 17:38:42.249,785,226,600,-12,-12,65,-9,-8,13,622,82,R,-20.639719171801048,50.75962254585001,1559.498892925023,448.9767513389237,8.026323878963694
2025-02-19 17:38:42.357,746,-31,585,23,6,-56,-8,-8,12,780,79,R,3.0333494195084345,51.858070748900836,1532.483262281963,-63.68228033611374,-31.746257955694773
2025-02-19 17:38:42.466,695,111,715,-7,-15,25,-9,-8,13,851,80,R,-8.82442691217207,43.84642523006528,1387.727769508082,221.63709700057137,2.3376184197429666
2025-02-19 17:38:42.568,776,-28,506,7,14,-14,-7,-7,15,701,81,R,3.167287261151929,56.85307656885479,1613.2711955048621,-58.21081633264967,-39.952609440026094
2025-02-19 17:38:42.679,753,42,635,9,-3,31,-9,-5,14,803,89,R,-3.7841303510163633,49.79764190385337,1516.7694631814384,84.60068718940295,-9.081818220734931
2025-02-19 17:38:42.790,564,-144,716,-5,16,-7,-9,-4,11,644,40,R,11.371474641021994,37.67698289942783,1175.209137217259,-300.0533967363214,-59.93216710559818
2025-02-19 17:38:43.707,714,-40,681,-1,-4,-4,-7,-6,11,806,40,S,3.36152860012847,46.30585117648059,1437.0376966367348,-80.50631353707197,-8.619987968650321
2025-02-19 17:38:43.802,709,-62,685,1,-10,-6,-9,-5,12,820,45,S,5.171803222647992,45.86953787590004,1426.756204251829,-124.76570474416559,-8.459802415378022
2025-02-19 17:38:43.909,750,-45,668,3,-9,-2,-8,-6,14,833,56,S,3.853922861307423,48.245178048913,1496.0013325359578,-89.76007995215747,3.5614798213067616
2025-02-19 17:38:44.015,767,-39,633,-2,-5,0,-8,-6,12,844,62,S,3.5256151971744583,50.414074859532576,1537.6698044120822,-78.18660022434315,-3.0286651797234754
2025-02-19 17:38:44.117,883,34,750,-5,-10,-19,-9,-7,14,874,83,S,-2.5956315409256403,49.62716669989954,1644.84552691024,63.33493535101717,102.90583784520959
2025-02-19 17:38:44.232,734,-83,596,40,7,-22,-8,-9,14,829,85,S,7.928120419371158,50.65424052509861,1507.3341111329082,-170.44786270304007,-31.938869530263446
2025-02-19 17:38:44.339,672,161,751,-2,-16,33,-8,-6,13,837,85,S,-12.099967205170248,41.18356649461856,1330.4736263044642,318.7593063021111,15.116527746053066
2025-02-19 17:38:44.443,948,-73,454,2,28,-20,-9,-5,14,587,87,S,9.134570161922936,64.12409541951884,1847.741393951256,-142.28388371143637,23.11118897271075
2025-02-19 17:38:44.550,434,-129,776,-11,8,2,-8,-4,9,730,30,S,9.438374130208885,28.885835518554714,917.0659389168272,-272.58411548449476,-87.73080322455758
2025-02-19 17:38:45.369,711,-41,658,14,1,-3,-9,-7,14,787,73,T,3.565492142273502,47.16172037035899,1444.275762258601,-83.28453762672663,-20.615262399661788
2025-02-19 17:38:45.469,753,-11,660,7,0,-5,-10,-8,13,797,79,T,0.9548412538721887,48.76168454558618,1504.9742547362798,-21.98501567343835,0.8990595936987802
2025-02-19 17:38:45.576,734,-2,672,11,-1,-11,-9,-8,14,750,85,T,0.17052264983388823,47.524794298301224,1471.5696241205346,-4.009726496241239,-3.2681027370562106
2025-02-19 17:38:45.682,748,-138,607,41,5,-23,-9,-9,12,542,83,T,12.80834579893929,50.23260265464926,1516.6476367628593,-279.80932335999273,-16.755502025475266
2025-02-19 17:38:45.787,669,21,712,9,-8,3,-9,-7,15,870,83,T,-1.6894138386675117,43.204134733486754,1353.5997099579797,42.48967699419667,-16.602381898477688
2025-02-19 17:38:45.898,620,-71,530,7,-7,-15,-8,-7,12,758,76,T,7.630046094877511,49.223050868597426,1377.2578743469444,-157.7182404494081,-117.33334419980713
2025-02-19 17:38:45.999,687,-73,703,-2,-8,64,-8,-7,12,665,84,T,5.92838542188829,44.186933585900235,1384.0015918667718,-147.0627601255813,-10.234525592926389
2025-02-19 17:38:46.108,938,0,692,30,27,-3,-8,-5,13,684,81,T,0.0,53.58232457933523,1742.710692721981,0.0,98.33283649934867
2025-02-19 17:38:46.218,520,-138,719,-8,0,-13,-8,-2,11,653,31,T,10.864836256105441,35.3847523704434,1099.0642289323655,-291.6747376782047,-81.66765500455926
2025-02-19 17:38:47.134,721,-26,663,1,-1,-1,-9,-7,12,698,57,U,2.2457425658950716,47.37778456912023,1456.834585041775,-52.53495036211672,-13.641234233976206
2025-02-19 17:38:47.233,747,-14,666,5,-4,-5,-8,-6,14,704,64,U,1.2042384288299293,48.27459403285165,1493.343133928662,-27.987689257029807,0.5856396298678419
2025-02-19 17:38:47.336,730,-8,672,0,-2,-7,-9,-6,14,717,71,U,0.6820603931726519,47.36692237893623,1465.706194909342,-16.062533642842105,-5.252825998736853
2025-02-19 17:38:47.447,701,-2,675,3,-7,-15,-9,-8,13,684,80,U,0.16976477583573465,46.08236926207471,1421.337707824046,-4.055171776958761,-18.620474723581765
2025-02-19 17:38:47.558,850,-51,619,40,-10,60,-8,-8,13,314,82,U,4.7100154921063435,53.84429425149177,1657.416656698509,-99.44499940191054,31.010693533674157
2025-02-19 17:38:47.664,677,-14,628,19,-4,-54,-9,-6,13,803,83,U,1.277082915254951,47.143228682987605,1410.0562824615831,-29.159214112942635,-51.99903306628403
2025-02-19 17:38:47.770,714,-65,734,17,-2,59,-9,-7,14,807,81,U,5.060675641579421,44.096828934913255,1409.8730504484145,-128.34978750580802,18.63470724210606
2025-02-19 17:38:47.877,1029,-1,726,-29,71,13,-8,-5,13,813,61,U,0.0789197565814523,54.795500095911926,1846.0996238916935,-1.7940715489715193,149.50405544667694
2025-02-19 17:38:47.987,520,-148,747,-9,-11,-13,-8,-4,11,741,28,U,11.206643774014674,34.32700673744565,1083.9153731132792,-308.498990809164,-63.08612253003764
2025-02-19 17:38:48.703,715,-47,681,2,-5,-3,-9,-6,12,772,50,V,3.9480736845364586,46.32719070694476,1438.2949347294034,-94.54526144375097,-7.900490280732356
2025-02-19 17:38:48.799,724,-42,674,2,-3,-2,-10,-5,15,773,55,V,3.565749527618584,46.992956607805795,1455.2698577728238,-84.42173208074394,-6.7677957719382675
2025-02-19 17:38:48.898,728,-28,673,4,-6,-4,-9,-7,14,775,61,V,2.382402882092142,47.22344726247662,1462.0078521327682,-56.231071235875696,-5.553962205155244
2025-02-19 17:38:49.007,705,-2,678,4,-2,-8,-10,-6,13,760,67,V,0.16901360862850215,46.11830607783336,1425.7726177065088,-4.044745014770238,-15.168560007110614
2025-02-19 17:38:49.117,812,-4,628,-7,2,-18,-10,-8,14,496,82,V,0.36493633573064554,52.28110637196026,1603.021835231682,-7.896659286855575,16.22449196367461
2025-02-19 17:38:49.229,717,245,663,-12,-36,83,-8,-6,12,683,85,V,-20.280906151216545,45.40965993754734,1429.1444172715314,488.34083993239216,4.4898903054039465
2025-02-19 17:38:49.335,750,-59,640,-12,-5,-73,-8,-6,13,851,86,V,5.26706755252245,49.40501962669979,1509.328318107922,-118.73382769115653,-7.960164785426741
2025-02-19 17:38:49.441,898,114,647,-27,73,35,-8,-7,12,851,57,V,-9.992823524699428,53.81122510989443,1705.0760052405058,216.45731024211315,65.50982695923506
2025-02-19 17:38:50.458,733,3,672,2,-1,3,-8,-7,12,742,62,W,-0.25578303073926417,47.4857291265977,1470.1090421707459,6.01681736222679,-3.7670891388011114
2025-02-19 17:38:50.556,677,-34,655,10,0,1,-9,-7,12,724,66,W,2.9714651284952867,45.90771712810307,1395.2200232524624,-70.07013410721376,-39.880524712500346
2025-02-19 17:38:50.662,817,86,724,-7,2,-24,-9,-7,13,551,82,W,-6.774110892428863,48.25431497420783,1563.1075208318675,164.53763377177552,62.8227110376107
2025-02-19 17:38:50.777,840,-189,668,-18,-15,21,-10,-10,13,524,81,W,15.79801887461372,50.42778468581484,1610.8222608900842,-362.4350087002689,55.012773482647276
2025-02-19 17:38:50.880,804,-15,640,9,-9,10,-8,-6,13,674,83,W,1.3426240265377571,51.4718464093414,1586.302175592224,-29.59518984313851,17.27190002609018
2025-02-19 17:38:50.985,697,-142,700,-8,0,-31,-9,-7,13,848,80,W,11.467251627033193,44.2993897325619,1395.4076624220402,-284.2867834489666,-1.4137212272999022
2025-02-19 17:38:51.097,808,145,602,-16,-17,49,-8,-5,15,804,83,W,-13.542520025024078,52.534997290015,1601.7250346706658,287.43827973669124,10.635555851805975
2025-02-19 17:38:51.199,738,-206,636,-22,-6,-42,-10,-7,15,867,85,W,17.947106292730194,47.827612688741205,1479.1282341163524,-412.87319272082465,-2.695876555555742
2025-02-19 17:38:51.307,580,-52,668,-23,66,24,-9,-7,12,863,38,W,4.451174002886572,40.880926089421706,1234.4891519010814,-110.67833775664867,-85.79095425848675
2025-02-19 17:38:52.117,728,-24,644,0,-2,-2,-9,-6,14,827,64,X,2.1342587625022915,48.483799492277164,1476.7683335758725,-48.68467033766613,-18.37198739404107
2025-02-19 17:38:52.217,745,-23,647,0,-2,-2,-10,-7,14,829,64,X,2.035932369091649,49.00919770558796,1499.8148878153074,-46.30300995939875,-8.523801901347497
2025-02-19 17:38:52.329,707,-49,663,2,-7,-7,-11,-7,14,835,67,X,4.22684497201581,46.761651309019655,1435.5102893207609,-99.49081213114184,-20.171600876470166
2025-02-19 17:38:52.431,785,-2,641,0,-3,-3,-8,-7,15,856,81,X,0.17876940276427153,50.76614525062502,1559.5709019659264,-3.973429049594717,8.515989604893434
2025-02-19 17:38:52.545,692,-108,682,-1,-5,-13,-10,-8,14,835,83,X,8.998509362501723,45.06223297383438,1399.8744023076642,-218.47750787460657,-15.645003430385941
2025-02-19 17:38:52.648,874,183,442,8,13,34,-7,-7,13,397,85,X,-22.490882867614083,61.305810520737104,1751.1948599651628,366.6689466517446,-1.6157072135034127
2025-02-19 17:38:52.764,551,-196,648,11,-36,-51,-8,-7,12,666,82,X,16.828945833639764,39.14189403976229,1182.243075331986,-420.54381627054306,-94.36935175159113
2025-02-19 17:38:52.870,697,152,638,-34,-41,104,-9,-7,14,559,87,X,-13.40059152110976,46.7419521025951,1425.2747203135264,310.8203120339398,-28.627362352984164
2025-02-19 17:38:52.967,841,-35,548,-31,94,-9,-9,-5,12,710,49,X,3.6544383086882437,56.858158971591145,1678.3196948413652,-69.84683628947417,2.398106096232823
2025-02-19 17:38:53.887,740,23,656,3,-1,-3,-8,-7,12,801,70,Y,-2.00802339527715,48.425974319106274,1488.0989962224173,46.251725558264326,-7.17965070527805
2025-02-19 17:38:53.984,726,25,670,8,0,-7,-9,-7,12,794,72,Y,-2.136910853757252,47.27730061130659,1460.645864813756,50.297722617553575,-7.978966150435895
2025-02-19 17:38:54.095,806,22,648,1,0,-10,-10,-9,13,693,86,Y,-1.9444802136472092,51.185637856354845,1585.1808717427389,43.26796424111694,21.561780534373725
2025-02-19 17:38:54.198,745,191,604,-4,-13,39,-8,-7,15,738,81,Y,-17.548265163659526,49.62519267358361,1506.8232090584029,386.31306433577845,-13.639219156074205
2025-02-19 17:38:54.312,440,-87,639,-15,-16,-19,-9,-7,14,872,62,Y,7.753161874558844,34.3049851506677,1003.5979233806986,-198.43868030481994,-179.49789327333292
2025-02-19 17:38:54.414,674,-62,702,-2,0,5,-9,-8,14,850,84,Y,5.047214998611426,43.723062589597475,1365.1733624785365,-125.57974550989505,-17.886795934618135
2025-02-19 17:38:54.517,822,-47,591,-15,4,30,-8,-7,14,544,86,Y,4.5469476620152225,54.19904521716496,1633.0540710811163,-93.37413788420005,7.869883200803429
2025-02-19 17:38:54.631,792,-36,593,27,11,22,-7,-5,15,515,89,Y,3.4740635625997554,53.12585488927266,1591.9555184535586,-72.36161447516173,-5.9565939936364884
2025-02-19 17:38:54.739,416,-212,753,-35,45,7,-9,-4,11,620,26,Y,15.724061242602268,28.00327764186777,885.522071601855,-451.2756711047915,-96.88009595239623
2025-02-19 17:38:55.658,765,-24,653,4,-7,-6,-9,-7,14,792,62,Z,2.10486989482592,49.497004710162884,1525.372012930405,-47.85480824879701,3.9504255639811845
2025-02-19 17:38:55.747,705,-61,666,4,-10,-8,-8,-6,13,805,69,Z,5.233210396000098,46.509935686592826,1430.4937279781955,-123.77321617967365,-19.360032387912156
2025-02-19 17:38:55.860,739,-12,664,7,5,-6,-9,-8,13,798,82,Z,1.0353531865449448,48.055290056463306,1482.7901860694506,-24.07778380626984,-4.3040372802643105
2025-02-19 17:38:55.967,835,53,584,0,6,-13,-10,-7,12,436,85,Z,-5.185582871134863,54.920572658260255,1653.3561264245595,104.94356251557085,11.640745111445653
2025-02-19 17:38:56.067,625,-8,754,21,-17,11,-8,-8,14,881,81,Z,0.6078899698387342,39.654174536164405,1263.1522434906537,-16.168348716680367,-15.866866547124573
2025-02-19 17:38:56.181,972,27,363,-21,18,10,-8,-7,14,511,83,Z,-4.253836436119193,69.46965659004528,1908.4865907326875,53.013516409241326,13.26272383131112
2025-02-19 17:38:56.288,692,61,659,-16,-30,15,-8,-5,12,836,84,Z,-5.288484822448023,46.27717456312483,1414.6918554848182,124.70549593146518,-29.2282265382878
2025-02-19 17:38:56.397,778,-12,500,-31,93,24,-9,-5,12,807,38,Z,1.3748347805694054,57.26471525412059,1619.1779235006325,-24.974466686385078,-40.6027785993781
2025-02-19 17:38:57.317,561,-83,631,-34,22,-3,-9,-6,12,581,46,a,7.493508778192492,41.39527515895041,1222.2500058911955,-180.83199730654056,-112.75891928225428
2025-02-19 17:38:57.412,746,-64,654,3,-13,-2,-7,-6,14,705,58,a,5.589130431328421,48.62435790190815,1496.392142432595,-128.37680578510196,-3.85048411651087
2025-02-19 17:38:57.513,770,-76,652,0,-6,0,-9,-5,13,746,69,a,6.648645183268904,49.55286040385467,1531.004814933384,-151.1121635518665,7.616702160303248
2025-02-19 17:38:57.625,980,-66,805,0,-5,-12,-8,-6,14,785,86,a,4.687058851933273,50.50517319031409,1751.6820112385178,-117.97042116504302,171.1183479112177
2025-02-19 17:38:57.731,802,-98,513,24,8,-9,-8,-7,13,309,85,a,10.815088252156006,56.92710534985526,1639.976971474074,-200.39618853423843,-23.012701204737937
2025-02-19 17:38:57.837,733,-8,669,1,-10,-17,-9,-6,14,742,90,a,0.6851186690671791,47.61164508987,1471.5923740692642,-16.06103546051039,-5.104090385181053
2025-02-19 17:38:57.949,769,-73,731,-14,-17,62,-9,-6,15,760,88,a,5.702832636461758,46.30920753309975,1492.0781625990949,-141.64070984360717,43.652617867440426
2025-02-19 17:38:58.055,1065,-64,742,-11,83,32,-9,-6,14,785,63,a,4.929752985727824,55.034888312729706,1884.501152233176,-113.24701759898899,171.04238971172163
2025-02-19 17:38:59.067,742,-75,658,2,-7,-6,-9,-6,14,828,61,b,6.502610562434696,48.24999129866093,1488.0572739362292,-150.41010181296116,-3.5979599057127416
2025-02-19 17:38:59.167,732,-67,655,2,-1,-5,-9,-4,14,838,68,b,5.840476048267058,48.02931990247549,1475.487141585483,-135.05141869703192,-10.278794724714885
2025-02-19 17:38:59.276,740,-74,663,-5,1,-6,-8,-6,13,814,67,b,6.3686452013658075,47.96504415635258,1482.7364542519044,-148.27364542519047,-2.4517150932603045
2025-02-19 17:38:59.379,657,-52,644,-2,-6,-21,-9,-8,13,805,68,b,4.616352093551013,45.479427794631576,1369.998739807403,-108.43216814305168,-54.89069777163991
2025-02-19 17:38:59.493,701,-232,750,15,-3,41,-8,-6,15,717,82,b,17.18858135584012,41.76236436295849,1367.042648813567,-452.4306626601249,37.400875021147954
2025-02-19 17:38:59.596,778,-8,569,48,7,-40,-7,-4,13,708,83,b,0.8055114884257742,53.816965263202405,1585.1351549279084,-16.299590282035048,-21.308358809742685
2025-02-19 17:38:59.697,647,49,759,-27,-16,26,-7,-5,14,776,85,b,-3.6938109993381794,40.386700828491676,1294.943119650834,98.07142637231973,-1.1063799304220083
2025-02-19 17:38:59.812,1146,-95,656,19,40,10,-8,-5,13,545,73,b,8.240121851027851,59.95503457349257,2011.632739759943,-166.75838593123433,160.48946135905578
2025-02-19 17:38:59.923,610,-97,704,17,-32,-4,-7,-4,11,759,45,b,7.845051076572153,40.641727826575305,1261.3270127846786,-200.57167252477674,-47.69543770559608
2025-02-19 17:39:00.637,729,-90,642,-2,-3,-1,-10,-5,14,728,65,c,7.98011374516852,48.3542698014809,1476.267944621075,-182.25530180507099,-16.08781954283961
2025-02-19 17:39:00.734,761,-71,648,-1,-2,-1,-8,-6,14,748,69,c,6.252835890233632,49.41640343986658,1520.4575889918706,-141.85609568780922,1.3133802014031062
2025-02-19 17:39:00.841,695,-74,646,7,-13,-6,-9,-4,13,799,76,c,6.534809813702567,46.90637018285655,1425.2382389401755,-151.75198515334245,-32.75381633863799
2025-02-19 17:39:00.947,734,-83,658,-1,2,-5,-9,-6,14,773,85,c,7.189309323053489,47.900247111016284,1475.9787324522517,-166.9022272391511,-7.152596667005241
2025-02-19 17:39:01.057,822,-143,555,21,13,-4,-8,-6,14,410,84,c,14.448436209328802,55.1144728307302,1642.296372923982,-285.70362691986554,1.150259157165351
2025-02-19 17:39:01.164,733,-83,669,14,-10,4,-7,-5,15,810,86,c,7.0723063550201655,47.39572193079557,1469.046545180554,-166.34497032740245,-2.7805439642437477
2025-02-19 17:39:01.275,558,-153,741,-23,23,11,-7,-1,13,809,37,c,11.66635574267769,36.40803230554071,1151.531718976909,-315.7425681065718,-47.18459455535765
2025-02-19 17:39:02.091,731,-100,654,-3,-3,-2,-8,-4,13,769,61,d,8.693488612018214,47.85291896088204,1472.4246881482497,-201.42608592999312,-9.326601982155125
2025-02-19 17:39:02.185,740,-88,644,-1,-1,-1,-8,-5,15,780,65,d,7.781046222983525,48.70529985199018,1491.3251803560017,-177.34677820449753,-9.855967769276958
2025-02-19 17:39:02.295,770,-52,653,9,-16,-13,-8,-4,15,824,87,d,4.552996391570796,49.61097111953353,1531.6623969725345,-103.43694109424908,7.070720489525911
2025-02-19 17:39:02.397,666,-188,638,-1,12,-19,-10,-4,14,646,86,d,16.418708384890106,45.03776846496915,1373.5727410494146,-387.735248224159,-39.82493812241216
2025-02-19 17:39:02.511,826,148,632,-10,-18,21,-10,-5,14,698,88,d,-13.179868089380998,51.838577652038744,1612.2730937425863,288.881861832812,30.396373795018917
2025-02-19 17:39:02.618,744,-174,642,11,-1,-35,-9,-7,14,856,78,d,15.164460899738446,48.20218872047351,1489.5014609316895,-348.3511481211209,-1.2956154813771263
2025-02-19 17:39:02.720,846,107,562,3,4,40,-8,-4,15,677,83,d,-10.779613012338938,55.932044765719105,1674.373763013106,211.77067688227226,11.709155066943708
2025-02-19 17:39:02.828,563,-191,724,-29,38,8,-7,-2,12,738,34,d,14.77861565077861,36.93948587349773,1163.9711921808082,-394.8818786972191,-48.82973914547995
2025-02-19 17:39:03.747,737,-59,663,-1,0,-3,-8,-3,14,673,52,e,5.0853239099619945,47.91329575664583,1479.1313966648004,-118.41079023503829,-4.6161682344135215
2025-02-19 17:39:03.844,748,-75,656,2,-7,-6,-7,-4,13,692,59,e,6.522265026785007,48.564560475646076,1497.7018807143331,-150.17064311975264,-1.492558487436213
2025-02-19 17:39:03.947,718,-67,665,1,2,-3,-7,-6,13,685,64,e,5.753242958052365,47.050371380419385,1449.9529953392314,-135.30202045644637,-12.923038858758787
2025-02-19 17:39:04.060,849,-95,477,-12,0,-11,-11,-5,12,467,82,e,11.263726210236307,60.19282046911572,1716.7031725122615,-192.09281671220833,-10.508142860245925
2025-02-19 17:39:04.166,685,-16,713,-2,-8,-16,-9,-4,15,831,85,e,1.2855240373843486,43.84539296274684,1377.7147759372244,-32.18019914597896,-8.030124442687566
2025-02-19 17:39:04.273,771,-175,576,17,14,-4,-8,-5,15,625,80,e,16.89980143384801,52.01724920488012,1559.1960661166095,-353.90312784747937,-12.846866515132092
2025-02-19 17:39:04.380,763,20,665,19,-14,10,-9,-4,15,830,80,e,-1.7226620716228032,48.913078327169835,1516.7134250570339,39.75657732783837,8.09380384937424
2025-02-19 17:39:04.490,606,-138,681,-39,50,21,-6,-4,11,786,31,e,11.455476054737526,41.093019728477366,1263.2834352517725,-287.6784060474334,-57.630395060160254
2025-02-19 17:39:06.407,716,-109,651,-1,-8,-1,-8,-3,14,755,58,f,9.505133492347099,47.32783160132711,1451.2439265811017,-220.92959217505597,-17.496922073040878
2025-02-19 17:39:06.497,748,-76,651,0,-8,10,-9,-5,14,780,72,f,6.658766512419261,48.77413285087511,1500.117455724313,-152.41835111637403,-3.583507588940847
2025-02-19 17:39:06.607,799,-53,608,-7,-2,0,-9,-4,14,739,87,f,4.981939971257346,52.626074629622615,1593.6909478022324,-105.71416800190028,3.278978393295006
2025-02-19 17:39:06.717,817,-190,574,24,-10,-77,-9,-6,14,818,78,f,18.3150833502756,53.49634703882349,1620.8189353429198,-376.93463612626033,9.260625597508124
2025-02-19 17:39:06.820,677,-4,714,-9,1,52,-9,-7,14,881,78,f,0.32098140119358337,43.47586735007384,1365.0489911674013,-8.065282074844319,-11.652850359711124
2025-02-19 17:39:06.927,928,36,533,-5,0,-9,-9,-6,12,715,79,f,-3.8640151100995657,60.072599184476026,1794.658255802132,69.62036337163443,35.231842303301335
2025-02-19 17:39:07.038,659,24,704,1,-10,19,-8,-5,14,859,80,f,-1.9525090493996085,43.09244243695295,1342.1774561502502,48.88051433627618,-25.828420530767858
2025-02-19 17:39:07.147,632,-79,622,-24,44,14,-8,-7,12,806,41,f,7.23836096764014,45.22768933834163,1341.9111823235862,-167.73889779044833,-76.67841045137789
2025-02-19 17:39:07.962,751,-40,642,3,-2,-2,-8,-4,15,778,66,g,3.565221927597299,49.419355582122506,1510.4911076649973,-80.4522560673767,-7.25870988139593
2025-02-19 17:39:08.057,745,-20,633,3,-6,-3,-6,-5,14,790,70,g,1.8096911586829085,49.63252224640033,1506.9060708355173,-40.453854250617916,-14.364487032057013
2025-02-19 17:39:08.168,746,-87,679,-12,5,-22,-8,-6,15,644,77,g,7.301502156330025,47.45961763246321,1482.8009941872253,-172.92719369207583,8.372821644603505
2025-02-19 17:39:08.275,749,149,588,8,-11,38,-8,-5,14,675,82,g,-14.219516028025799,50.99739159411914,1526.11731067039,303.5934302935756,-22.073402769278005
2025-02-19 17:39:08.378,733,-87,654,26,8,-24,-9,-6,15,833,77,g,7.577427089207823,48.01013944580574,1476.2632276845638,-175.21814571426606,-9.157095369310582
2025-02-19 17:39:08.492,768,166,655,-30,-21,72,-9,-4,14,536,84,g,-14.221333281946322,48.65778251061071,1518.777617812048,328.2774538499999,14.6883598087353
2025-02-19 17:39:08.597,1167,-165,582,25,68,7,-7,-4,13,361,65,g,15.828306596252425,62.59915470465032,2054.808595626298,-290.52563691374394,139.23684434061227
2025-02-19 17:39:08.697,489,-169,759,0,-5,-12,-6,-3,11,730,28,g,12.552784181254433,32.16448580669275,1021.3516697011446,-352.9824788946695,-67.28817444410777
2025-02-19 17:39:09.617,740,-33,666,-1,-1,-3,-9,-6,14,751,58,h,2.8366601011254517,47.977854877158784,1482.8861474456614,-66.1287065752795,-2.597532701095247
2025-02-19 17:39:09.715,660,-6,667,8,-25,-20,-9,-7,12,776,73,h,0.515390412124957,44.6966053596142,1363.3525883763475,-12.394114439784977,-43.81238855609661
2025-02-19 17:39:09.827,674,-143,724,15,-12,58,-10,-5,14,614,80,h,11.172897918511575,42.4052980542482,1348.37066855155,-286.0786433277027,-0.3981662185788082
2025-02-19 17:39:09.927,798,46,517,30,-5,-56,-7,-6,14,672,84,h,-5.084494702044008,56.95885417682569,1636.2792300452527,94.32186037854842,-26.095691645859347
2025-02-19 17:39:10.039,751,96,622,-15,-10,43,-8,-6,14,737,84,h,-8.77384806833136,50.03579313044645,1517.4458481611632,193.9744359833178,-12.792699808579869
2025-02-19 17:39:10.147,742,-75,561,-23,68,18,-8,-3,14,783,47,h,7.614711942031021,52.66392589149576,1537.0917856634485,-155.3664203837717,-40.14082447061253
2025-02-19 17:39:11.067,704,-92,664,0,-2,-1,-10,-5,13,710,54,i,7.8883494448878775,46.4028573643503,1428.206252150343,-186.64058976964708,-19.058169641800646
2025-02-19 17:39:11.162,718,-70,654,3,-7,-3,-9,-4,14,721,60,i,6.109316785236881,47.50825460426172,1455.3746614548854,-141.88889457081055,-17.647672133001493
2025-02-19 17:39:11.268,733,-47,652,6,-9,-8,-8,-5,13,735,74,i,4.123085404288033,48.27331493152941,1479.3282753983963,-94.85460974587261,-11.85543732572205
2025-02-19 17:39:11.377,765,-203,687,0,-4,19,-10,-4,15,590,83,i,16.461758073654888,46.88043677915766,1494.9289352782844,-396.69356060325714,31.49519145597219
2025-02-19 17:39:11.477,806,68,623,7,20,-55,-8,-4,14,707,82,i,-6.2291339863794235,52.133379754152486,1595.441825238484,134.60303240225423,12.798688432288486
2025-02-19 17:39:11.592,798,12,449,-20,-21,-18,-8,-8,13,677,82,i,-1.5309258861101236,60.62668653514044,1669.4423638239355,25.10439644848023,-41.32283378063528
2025-02-19 17:39:11.697,773,-12,561,-37,80,45,-7,-6,12,810,45,i,1.2253913023741119,54.02373227131988,1582.2603893067185,-24.562903844347506,-26.31575472324596
2025-02-19 17:39:11.809,570,-116,704,18,-36,-13,-8,-5,13,759,30,i,9.35670798752864,38.62089619378979,1194.1645814975695,-243.0229674626633,-66.89800942857721
2025-02-19 17:39:12.623,735,-58,662,0,-1,0,-10,-6,12,720,58,j,5.0070864271058975,47.88230375754528,1476.7687391683166,-116.53413179831617,-6.096469835953485
2025-02-19 17:39:12.718,728,-70,671,1,-2,2,-9,-5,13,737,57,j,5.955662086325404,47.17856817740672,1461.4756641704016,-140.52650617023096,-5.046937717499304
2025-02-19 17:39:12.825,737,-58,657,0,-2,5,-7,-4,13,738,58,j,5.044996190860474,48.174040633112895,1482.17393303015,-116.64326745691818,-7.286667572331908
2025-02-19 17:39:12.927,734,-74,659,1,-4,1,-8,-4,14,743,61,j,6.406981133907824,47.90335769510869,1476.015128601993,-148.8080647364407,-7.196144071816434
2025-02-19 17:39:13.043,788,-126,648,15,-21,-14,-8,-5,14,755,84,j,11.003540851749504,50.045863243062975,1554.5587263700213,-248.57157299825212,17.63191029470329
2025-02-19 17:39:13.147,801,182,665,-17,-26,56,-7,-2,15,308,90,j,-15.306138974089874,49.279988314097494,1558.906531675887,354.2084753620617,35.77672463862086
2025-02-19 17:39:13.259,1004,30,652,-41,56,-76,-8,-5,13,671,64,j,-2.6344507644016355,56.97252924933704,1842.4093416256683,55.05207196092634,107.53496938253431
2025-02-19 17:39:13.359,825,128,511,14,2,19,-9,-8,15,811,82,j,-14.062622738398256,57.44053861270424,1667.8333838230187,258.7668765204199,-11.045889858863688
2025-02-19 17:39:13.467,652,-89,683,-25,49,39,-8,-3,12,794,34,j,7.424235239673538,43.428905892606956,1339.4539824496546,-182.83957735892528,-37.13967793422421
2025-02-19 17:39:13.579,801,-71,658,19,-32,-13,-7,-4,12,744,43,j,6.158543796059651,50.43506849997915,1571.903240656905,-139.33224729917634,24.72367995974571
2025-02-19 17:39:14.697,716,-107,668,1,-3,-1,-10,-4,13,744,56,k,9.100312379532127,46.6241821765696,1442.8645974426117,-215.62362000888197,-10.13624454143121
2025-02-19 17:39:14.787,753,-75,657,4,-5,-3,-8,-7,15,741,64,k,6.512423029287852,48.71115465514905,1504.3926119931816,-149.83990159294638,1.402462045789889
2025-02-19 17:39:14.902,659,-21,665,25,-4,-42,-9,-8,15,659,73,k,1.8087393224920654,44.72607670024368,1362.71813204627,-43.4250087601998,-45.125277406327086
2025-02-19 17:39:15.009,708,-175,740,10,-18,61,-9,-7,14,607,80,k,13.305236506091086,42.955845523885465,1389.434546464166,-343.4336802700975,27.766152000730358
2025-02-19 17:39:15.115,885,17,482,23,8,-41,-8,-6,14,773,80,k,-2.019968197724151,61.41087883579054,1763.0738495439684,33.86695530197453,3.7722084969573757
2025-02-19 17:39:15.221,756,-11,668,-4,-2,6,-9,-6,14,773,84,k,0.9434081085273278,48.53239929091545,1505.330295634666,-21.902954037012336,5.893336661432727
2025-02-19 17:39:15.332,1059,-195,692,-1,-21,57,-7,-7,12,488,84,k,15.737406785724223,55.82760863829282,1886.3513246622804,-347.345144767842,151.37005036232483
2025-02-19 17:39:15.434,816,-53,633,9,3,-9,-9,-4,15,685,86,k,4.786113560215731,52.10103810447601,1605.0952145339515,-104.2525078067395,20.87099166667724
2025-02-19 17:39:15.542,538,-172,709,2,0,-15,-6,-3,14,579,37,k,13.6362461865803,36.40602039824166,1131.5034581644131,-361.74460000795364,-73.14489189325059
2025-02-19 17:39:16.259,744,-53,673,-1,-1,-3,-8,-5,13,703,54,l,4.502855714288512,47.78032465114132,1484.5738840177332,-105.7559352862095,3.099161365679379
2025-02-19 17:39:16.356,718,-52,676,1,-4,-4,-7,-6,14,695,57,l,4.398705354995532,46.64138825063176,1445.0708067522346,-104.65693865057966,-8.540202457535656
2025-02-19 17:39:16.459,728,-33,668,2,-1,-5,-9,-8,13,688,62,l,2.82818091627902,47.42626690643825,1464.4073194839407,-66.38110102056325,-7.714408537462077
2025-02-19 17:39:16.573,824,23,685,-11,-5,-11,-8,-8,14,655,81,l,-1.9230774265279433,50.24702197262915,1592.8085953085772,44.45946321856466,45.88120414274829
2025-02-19 17:39:16.679,709,7,685,2,-18,71,-8,-6,15,422,84,l,-0.5854839365490322,45.984848669239724,1428.1560793077797,14.100271586959744,-9.812291009632077
2025-02-19 17:39:16.786,833,25,653,11,-8,-5,-7,-5,14,657,83,l,-2.1924889259394464,51.88624648553069,1619.7868834624664,48.61305172456382,36.22708895439291
2025-02-19 17:39:16.892,476,-178,733,-7,1,-7,-7,-2,10,668,31,l,13.649364662961007,32.253816902153496,1009.6708550129625,-377.5659920006457,-88.80827042962517
2025-02-19 17:39:17.003,783,-64,662,2,-6,-5,-8,-5,12,694,46,l,5.522008069070961,49.655161113357714,1545.1619274437512,-126.29676035300136,17.61788509864209
2025-02-19 17:39:19.219,728,-84,678,1,-2,0,-10,-6,12,708,52,m,7.062602670415773,46.81898410440281,1457.195401905627,-168.13793098911083,-1.1133001263946198
2025-02-19 17:39:19.317,736,-66,668,7,-10,-2,-9,-5,14,704,63,m,5.642646795781082,47.6343107905384,1474.8590049174036,-132.2563781583541,-2.5948577239477117
2025-02-19 17:39:19.429,627,-102,673,16,-27,-28,-10,-7,13,659,81,m,8.61817011644441,42.64910117516274,1304.5065394541766,-212.21637483943542,-54.21196340137283
2025-02-19 17:39:19.527,707,85,702,-7,-13,43,-9,-6,14,230,85,m,-6.903914631251093,44.99484275063155,1414.0431309465218,170.00518547447575,-0.04282591861135643
2025-02-19 17:39:19.639,772,-155,570,18,2,-53,-8,-6,13,626,84,m,15.212582868620496,52.57845266168839,1566.186147317781,-314.4544725832332,-16.380963693180206
2025-02-19 17:39:19.744,755,63,637,-9,-8,37,-8,-4,14,659,85,m,-5.648247373735263,49.7078916379897,1517.757408094296,126.6473069005836,-6.544991994789939
2025-02-19 17:39:19.847,838,-116,604,-5,-7,-41,-7,-5,14,807,83,m,10.871452925854834,53.723721080977164,1644.1733131189703,-227.59439656539445,22.939521331911692
2025-02-19 17:39:19.956,841,47,540,1,-3,39,-9,-4,16,717,86,m,-4.974319262503074,57.19740091648421,1681.5420293570119,93.97440592125989,0.2940596280778891
2025-02-19 17:39:20.067,550,-214,705,-34,50,16,-6,-2,13,750,34,m,16.88546231046701,36.7416275349307,1148.2075093014623,-446.75710361911433,-61.79326192278313
2025-02-19 17:39:21.186,734,-104,657,1,-3,0,-9,-3,13,722,56,n,8.995016523687559,47.81585984626747,1474.9905045531063,-208.9904802091595,-6.257168244401896
2025-02-19 17:39:21.280,724,-92,655,3,-4,-1,-9,-5,14,726,60,n,7.995346653376725,47.5859059029294,1462.2894477207337,-185.81578617445788,-12.927608089890214
2025-02-19 17:39:21.389,763,-64,634,6,4,-3,-10,-5,15,707,65,n,5.764274364309307,50.13293810917517,1530.5337805994413,-128.3802909021812,-3.7672567497323826
2025-02-19 17:39:21.497,812,-170,695,15,-11,-19,-8,-4,14,598,84,n,13.744911506569693,48.61528722582006,1562.2874891504307,-327.07989304873547,52.82043724193443
2025-02-19 17:39:21.604,794,116,615,-13,-14,36,-7,-4,14,0,85,n,-10.681517597487769,51.75422357315574,1579.3625654170764,230.73810779393057,6.690204368385366
2025-02-19 17:39:21.714,792,-181,694,12,-8,-36,-8,-6,14,774,82,n,14.617513138124421,47.83682435593822,1533.2361622795372,-350.39866839974275,44.48245376010243
2025-02-19 17:39:21.807,808,31,548,-5,-4,48,-7,-5,16,638,86,n,-3.2377338692397015,55.81164861941279,1635.1948325322112,62.736435406557604,-13.01827750946984
2025-02-19 17:39:21.925,493,-254,696,-38,66,23,-6,-2,12,719,26,n,20.0491763490647,33.640089159528486,1046.974198589684,-539.4146986648675,-86.08122153837724
2025-02-19 17:39:23.041,760,-77,643,2,-4,-1,-11,-6,14,745,64,o,6.828718272593212,49.56577013119543,1521.1509693299313,-154.116611366322,-0.9737806304550531
2025-02-19 17:39:23.137,750,-76,645,-1,-2,0,-10,-5,13,770,66,o,6.720144584836171,49.10909230926402,1505.957360949798,-152.60367924291285,-5.123330416826207
2025-02-19 17:39:23.244,743,-91,642,1,-3,1,-7,-3,14,779,66,o,8.067620612824774,48.888743886937434,1496.4342322954994,-183.2779476970262,-9.015850785613566
2025-02-19 17:39:23.352,751,-80,639,0,-2,-1,-8,-3,14,791,66,o,7.136051745435811,49.386653879752245,1510.1196994651596,-160.8649480122673,-6.908772247985098
2025-02-19 17:39:23.457,655,-69,632,15,-27,-6,-8,-5,14,828,76,o,6.2307158369885265,45.85418926206468,1372.5696524509003,-144.59130689940778,-60.37255015109736
2025-02-19 17:39:23.567,732,-80,666,-2,6,-26,-9,-5,16,790,87,o,6.849557992766558,47.49858841864269,1469.2606922444977,-160.5749390431145,-4.786367533928342
2025-02-19 17:39:23.673,838,238,560,2,-16,54,-9,-5,15,712,87,o,-23.02549200852804,54.01637529659183,1647.1849520263938,467.81625129150564,19.255879314104504
2025-02-19 17:39:23.783,807,-59,538,19,14,-28,-7,-4,15,813,89,o,6.258357388867225,56.15168434457936,1637.5150679900244,-119.71919332269076,-15.676711993349613
2025-02-19 17:39:23.890,630,-80,696,-42,54,34,-8,-5,13,742,34,o,6.556946498163389,41.96351129933496,1298.657200428589,-164.9088508480748,-42.70700237825076
2025-02-19 17:39:24.808,691,-103,670,-4,-9,-1,-7,-3,13,770,41,p,8.739736087221782,45.5495164824846,1404.8559264873015,-209.4068891869639,-22.161318012289257
2025-02-19 17:39:24.897,757,-81,646,3,-15,-2,-8,-4,13,779,55,p,7.1468474697782876,49.30279960705417,1515.1661983601275,-162.1247847650863,-0.9951970153797447
2025-02-19 17:39:25.009,745,-50,634,3,-7,-8,-8,-4,15,786,69,p,4.509261473479929,49.514302411403115,1505.568059837049,-101.04483623067443,-13.248523404951925
2025-02-19 17:39:25.121,742,-183,597,-9,3,-21,-9,-7,14,723,84,p,17.04201287078369,49.91825284762172,1507.126562038718,-371.7037208262607,-18.607220400424012
2025-02-19 17:39:25.223,843,47,536,18,0,23,-8,-2,15,165,92,p,-5.011252716951781,57.45136887072565,1685.9350964962584,93.99638141794088,0.0412672336955211
2025-02-19 17:39:25.337,685,-350,754,-6,-17,-29,-7,-6,13,840,83,p,24.900303390014205,39.48977273842069,1320.940475629206,-674.9330897375506,54.001286679676696
2025-02-19 17:39:25.440,839,18,489,-1,8,32,-9,-4,15,670,90,p,-2.1080953123570025,59.747918986300554,1702.8172072913171,36.53243114570168,-14.464379458228962
2025-02-19 17:39:25.547,503,-127,671,-18,35,6,-7,-2,13,733,38,p,10.717579064119201,36.37353142975589,1096.0469915800563,-276.7355227249844,-120.12232872806726
2025-02-19 17:39:26.267,752,-78,649,-2,-1,-1,-10,-4,14,713,55,q,6.853216777151005,49.00144172158308,1506.7260882584465,-156.28275915446653,-2.3527011698560045
2025-02-19 17:39:26.359,751,-80,645,1,-3,-1,-8,-5,14,750,57,q,7.0703448201575965,49.125914031493814,1507.1495214097115,-160.5485508825259,-4.422691490364741
2025-02-19 17:39:26.467,746,-68,641,3,-7,-1,-8,-3,13,787,63,q,6.055531143787657,49.17066380113424,1502.6603964266324,-136.97172514344635,-9.159938484545819
2025-02-19 17:39:26.577,842,-11,721,1,-6,-12,-9,-4,17,811,84,q,0.8740702932968509,49.423442543769106,1601.5375077688068,-20.922699032609117,70.61218158989323
2025-02-19 17:39:26.685,826,-110,586,21,15,23,-9,-5,14,446,83,q,10.631461535933038,54.176969593582584,1636.8286259813663,-217.97959910163476,10.763226604018541
2025-02-19 17:39:26.792,669,-102,658,9,-5,-45,-8,-3,15,778,85,q,8.81158331144029,45.13482673163452,1377.7687646191484,-210.06339908991504,-39.11486863886353
2025-02-19 17:39:26.897,837,104,584,-14,-20,61,-9,-4,14,355,88,q,-10.097504384075286,54.67452170501632,1652.8805475903625,205.37583864922073,14.735675277453083
2025-02-19 17:39:27.009,754,-183,638,14,-2,-11,-8,-1,16,810,87,q,16.00468373107949,48.64337627433053,1504.6115065940962,-365.17759377549027,2.8671867280723973
2025-02-19 17:39:27.116,539,-187,727,-16,44,20,-6,-1,10,718,23,q,14.424997233925707,35.67948031015398,1122.2503374721673,-389.35215789850696,-59.68459247173564
2025-02-19 17:39:27.933,785,-133,635,0,5,-33,-8,-3,11,619,35,r,11.829529289191482,50.42729392579566,1555.8168042853608,-263.59698722287004,11.473030928402295
2025-02-19 17:39:28.029,668,-132,715,8,-25,-7,-7,-2,11,691,43,r,10.459909092929129,42.57494079566324,1344.5539613920243,-265.69030374812456,-9.155811969008028
2025-02-19 17:39:28.131,799,-87,649,-2,4,-14,-9,-4,13,721,63,r,7.63511873339866,50.66431687310864,1572.4455976396375,-171.21748059405314,20.75695510873004
2025-02-19 17:39:28.238,795,-58,605,-19,-8,-17,-7,-5,14,747,83,r,5.4760832342359045,52.60225555200068,1589.4385303684312,-115.95903743568431,0.4272819208792953
2025-02-19 17:39:28.352,784,72,579,-11,-11,28,-10,-6,17,578,89,r,-7.088475678146005,53.343061464839515,1586.2245715108688,145.67368513875323,-13.459217990807247
2025-02-19 17:39:28.459,673,-319,674,-4,-2,-30,-9,-6,14,797,87,r,25.32790210844209,42.067302426653555,1343.0030788061968,-636.5794682602924,3.0013742713572356
2025-02-19 17:39:28.557,933,23,612,-33,74,38,-8,-4,15,848,60,r,-2.1522598682736986,56.718640065115835,1768.9859310070829,43.608442029113505,63.63623818184931
2025-02-19 17:39:28.672,629,-146,659,21,-28,-13,-7,-1,14,814,41,r,12.491979316657684,42.98054572491059,1310.7499960743344,-304.24403724459904,-55.26589413829288
2025-02-19 17:39:29.491,730,-135,642,0,-3,-2,-8,-3,13,790,65,s,11.875163979700107,48.05442624049013,1473.780108698713,-272.5483762662003,-12.118944910374921
2025-02-19 17:39:29.586,732,-132,644,0,-4,-1,-8,-4,13,801,68,s,11.58341860468707,48.073874103604304,1476.0069486294594,-266.16518745777137,-10.563490324278746
2025-02-19 17:39:29.692,740,-113,641,-1,-2,1,-8,-4,15,802,69,s,9.997781193590152,48.666013878812464,1490.8725083591248,-227.66026141159605,-9.41794305162
2025-02-19 17:39:29.797,749,-145,614,4,-6,0,-8,-4,16,824,78,s,13.28732168510265,49.89228050383498,1513.8346107971317,-293.0654453479094,-12.980575473216163
2025-02-19 17:39:29.907,765,-135,660,-6,3,-12,-9,-3,14,820,88,s,11.560130794217766,48.63258665722106,1515.4870657510892,-267.4388939560746,12.520962881413425
2025-02-19 17:39:30.017,877,-141,619,19,-13,39,-7,-4,14,666,87,s,12.832267910197698,54.09940998266864,1687.035602089797,-271.2337741102182,47.264495218261914
2025-02-19 17:39:30.122,648,-184,602,9,9,7,-9,-3,15,594,91,s,16.995659195039597,45.83003597890889,1365.275981704696,-387.6709577680001,-64.35824226269608
2025-02-19 17:39:30.233,554,-127,651,-31,57,19,-7,-1,12,575,36,s,11.038872263209349,39.87041679601733,1195.0534400646707,-273.9562940220454,-102.29564888465791
2025-02-19 17:39:31.047,710,-92,673,1,-6,-6,-8,-3,12,511,41,t,7.784160772905518,46.26760603090529,1432.5764183023493,-185.62962039974104,-11.92102748940988
2025-02-19 17:39:31.146,734,-110,672,-8,0,-6,-8,-4,12,594,46,t,9.296328139816616,47.14743003039819,1467.1061554034172,-219.86604508770557,0.8183427369258425
2025-02-19 17:39:31.252,732,-98,666,-3,-3,-6,-6,-4,15,660,49,t,8.370839506877783,47.39732426668453,1468.065475968132,-196.54428503398492,-3.698916659529914
2025-02-19 17:39:31.357,725,-80,655,-1,0,-10,-7,-4,14,705,54,t,6.963468526488047,47.69273037473388,1464.5456979405574,-161.60504253137185,-13.14128572560685
2025-02-19 17:39:31.469,657,-120,695,22,-24,-33,-9,-7,15,735,82,t,9.796209917474519,42.970106474810024,1338.6166904535924,-244.4961991696059,-26.040486857300834
2025-02-19 17:39:31.571,764,-362,761,26,1,36,-9,-7,14,498,81,t,25.439960223819828,42.19532148126693,1435.660096272462,-680.2473231029205,91.97731248253444
2025-02-19 17:39:31.678,659,18,701,6,4,-30,-8,-5,13,793,80,t,-1.470895088019175,43.22171056581583,1343.8232781943634,36.705339920331625,-27.469071341803897
2025-02-19 17:39:31.787,856,-45,495,-7,2,-18,-8,-7,11,236,76,t,5.194428907734806,59.85816454776646,1720.7850036953032,-90.46182846529047,-5.080113118195243
2025-02-19 17:39:31.895,636,-38,729,-1,-10,13,-7,-6,14,833,81,t,2.983910664768502,41.06385028561728,1292.8996680721307,-77.24872230619647,-23.95575161097986
2025-02-19 17:39:32.005,620,-151,669,-7,23,10,-7,-5,11,729,41,t,12.719098227232584,42.114050370896834,1290.6085499974724,-314.32563072519093,-54.60825798114399
2025-02-19 17:39:32.821,724,-51,664,4,-2,-1,-7,-5,14,741,56,u,4.39210673939496,47.391271877642666,1459.9939670353824,-102.8448788933764,-10.999991866704704
2025-02-19 17:39:32.915,735,-51,672,3,-1,-2,-8,-5,13,750,61,u,4.34002072596443,47.48182370732301,1472.0629780758927,-102.14314541751094,-1.8861513836734503
2025-02-19 17:39:33.021,702,-39,658,8,-4,-9,-8,-5,15,730,68,u,3.3919821670929187,46.80291110793059,1431.0034072361655,-79.50018929089808,-25.310885984895776
2025-02-19 17:39:33.130,774,-199,661,-8,-2,17,-9,-6,13,533,81,u,16.754894342287077,48.27125458451291,1520.3043408371786,-390.87928142971396,23.652236055070944
2025-02-19 17:39:33.239,712,36,635,17,-13,-31,-8,-4,14,749,82,u,-3.2447912932909726,48.22602997243136,1457.7787342561437,73.70791352980503,-30.12569698406071
2025-02-19 17:39:33.347,799,-11,708,-13,-12,49,-8,-3,13,694,84,u,0.8901170476455492,48.45217007607384,1547.402311529021,-21.3034110473332,44.83499804437213
2025-02-19 17:39:33.456,909,-88,719,-23,96,20,-7,-3,12,784,51,u,6.97785285527895,51.4493086259947,1691.0570923984033,-163.71069761392684,100.4091865407571
2025-02-19 17:39:34.271,715,-71,676,1,-2,-2,-8,-4,13,671,47,v,5.9957696002265894,46.44908119553232,1439.7623433918204,-142.96940752562136,-9.229851934084877
2025-02-19 17:39:34.370,726,-87,670,2,-6,-2,-9,-4,13,672,51,v,7.398502479568656,47.05835318071046,1458.0479069306002,-174.7247491776339,-5.5814017128125215
2025-02-19 17:39:34.481,771,-23,642,12,-13,-17,-9,-5,14,648,74,v,2.051775040282002,50.19829462608759,1539.2644707786299,-45.91839536693709,2.2778336707126527
2025-02-19 17:39:34.588,762,-94,600,-20,3,-23,-8,-8,13,265,81,v,8.903961957374914,51.4449385951492,1544.0095572526557,-190.46837057972397,-15.755556891854894
2025-02-19 17:39:34.689,842,32,648,5,-11,23,-9,-4,14,259,87,v,-2.827124578161273,52.38452549776099,1634.1248258362416,62.104506445082805,38.38374448707327
2025-02-19 17:39:34.796,775,-9,626,2,7,-11,-9,-5,16,825,82,v,0.823684490811251,51.06784137072878,1552.8905666457276,-18.033567870724582,-2.334831897065442
2025-02-19 17:39:34.906,572,-147,689,-21,27,17,-9,-5,13,728,36,v,12.043635645587457,39.073676372241884,1202.3191987965079,-308.9876262641375,-70.24812582306606
2025-02-19 17:39:35.821,735,-52,675,4,0,-1,-9,-4,14,647,49,w,4.4051963235316105,47.352187020500445,1470.5319820040545,-104.03763682205555,-0.48855490168261895
2025-02-19 17:39:35.918,709,-30,668,8,-6,-4,-8,-4,12,621,56,w,2.5714358823169707,46.67665973502563,1436.493319248227,-60.782509982294506,-17.423888939091057
2025-02-19 17:39:36.028,762,-14,653,11,-5,-13,-10,-5,11,538,77,w,1.2282052756795223,49.39839317356913,1521.253056456214,-27.949531220980305,2.3540080499901705
2025-02-19 17:39:36.135,746,-146,663,-17,6,-12,-8,-7,12,430,79,w,12.418958130668342,47.696750474572234,1485.5929239396778,-290.7460682241193,5.694224434307671
2025-02-19 17:39:36.241,810,75,616,-11,-17,8,-9,-4,14,639,83,w,-6.941780421085178,52.5439201048067,1603.8197534977562,148.50182902757,12.30497758689171
2025-02-19 17:39:36.352,796,-151,715,-10,-14,28,-9,-6,13,794,82,w,11.925000413753176,47.44639526683592,1532.6449461593459,-290.7404357664086,53.31515514581383
2025-02-19 17:39:36.457,767,5,558,-13,-22,-33,-9,-4,14,756,86,w,-0.5133893021958642,53.96265001849987,1575.6336569670816,10.271405847243035,-30.288892552322523
2025-02-19 17:39:36.565,950,80,651,-22,79,38,-8,-5,13,813,57,w,-7.005830897771331,55.37810285735269,1772.9192914733571,149.29846665038798,87.08372763246791
2025-02-19 17:39:37.381,747,-84,655,-1,-2,-1,-8,-3,14,718,54,x,7.307966187633366,48.5226162960996,1496.2172176718864,-168.2493256819792,-1.9441466868614725
2025-02-19 17:39:37.477,748,-85,649,2,-6,-1,-7,-5,13,726,59,x,7.46159939481106,48.81222726214299,1500.555460033037,-170.51766591284513,-3.9525314992529275
2025-02-19 17:39:37.580,741,-83,645,1,-4,-2,-9,-4,13,766,63,x,7.332648438421547,48.729078525295336,1492.5989981484593,-167.18720222175725,-9.22584859076403
2025-02-19 17:39:37.695,750,-76,634,7,-10,-3,-10,-5,15,811,71,x,6.835646185461199,49.589416254275676,1511.4185730524375,-153.15708206931367,-9.652500420327101
2025-02-19 17:39:37.801,672,-155,697,3,1,-16,-8,-4,15,788,86,x,12.537511306154759,43.26322970967266,1357.3511543678442,-313.07950733186885,-13.847849098790789
2025-02-19 17:39:37.904,809,71,559,26,20,32,-9,-6,13,517,82,x,-7.238523137592936,55.14172017104451,1629.5682689172522,143.01526216702712,-7.993402131945572
2025-02-19 17:39:38.013,788,-100,504,-9,-2,-33,-8,-5,12,703,78,x,11.222458069444833,56.8931561148689,1625.6534796775518,-206.3012030047654,-31.758063144017683
2025-02-19 17:39:38.121,785,-54,648,14,-1,16,-9,-3,15,737,85,x,4.763641690726178,50.36372247578115,1555.1094955530175,-106.97568504441138,12.291779467063634
2025-02-19 17:39:38.232,477,-195,716,-14,13,-2,-6,-3,10,699,27,x,15.23480345292941,32.73245738184748,1017.7169396793681,-416.0478055293014,-95.64219876399886
2025-02-19 17:39:39.047,732,-58,657,0,-1,-1,-8,-6,15,731,57,y,5.044996190860474,47.980147874209514,1474.9129371836684,-116.8646862795803,-9.79480837386643
2025-02-19 17:39:39.142,727,-64,658,2,-1,-3,-7,-4,15,733,58,y,5.555367142918021,47.717852801065256,1466.8407631466969,-129.13041106105723,-11.622038721494619
2025-02-19 17:39:39.253,596,-103,665,13,-32,-23,-9,-6,14,738,78,y,8.804422553809825,41.530663882421194,1259.0207837005078,-217.58245087441662,-74.77990127657336
2025-02-19 17:39:39.357,800,82,614,0,-18,37,-7,-6,14,599,83,y,-7.606867771971796,52.2488722057519,1590.6775228753645,163.0444460947249,7.155001193157659
2025-02-19 17:39:39.469,667,-216,702,16,13,-31,-8,-4,14,837,79,y,17.10272896905237,42.24341174901572,1339.2816877711057,-433.71041163202216,-5.558837804072027
2025-02-19 17:39:39.576,623,52,702,-12,-15,79,-7,-2,14,546,87,y,-4.236394799058841,41.51010145179973,1285.7520815016337,107.3179907513402,-44.7928751430926
2025-02-19 17:39:39.682,1220,-170,666,26,53,13,-9,-3,13,436,72,y,14.31928312501872,60.60286326828529,2091.2383421908958,-291.4020640757805,190.3895607384128
2025-02-19 17:39:39.788,492,-174,732,-8,-13,-3,-7,0,11,653,27,y,13.371331969891926,33.18110717979518,1039.2872774600824,-367.55281763832176,-82.2566810991467
2025-02-19 17:39:40.705,725,-73,670,1,-6,-3,-9,-4,13,709,51,z,6.218146193372122,47.08924892396084,1457.4151542878615,-146.74662932829503,-6.852625341885755
2025-02-19 17:39:40.800,768,-51,658,0,-4,-3,-7,-4,13,727,60,z,4.431997495068087,49.32619829943617,1526.4324267013208,-101.36465333563459,8.197217748087041
2025-02-19 17:39:40.907,724,-51,687,1,1,-10,-7,-4,13,720,63,z,4.245610784102906,46.423477206613015,1448.4543753847342,-102.03200710583073,-0.4311545432493631
2025-02-19 17:39:41.018,902,-174,474,54,10,-19,-9,-4,14,680,79,z,20.157610894544813,60.76047257157487,1774.5853031061163,-342.32576800494917,15.457390607207344
2025-02-19 17:39:41.123,616,-95,707,8,-1,23,-7,-5,14,820,85,z,7.653027190407528,40.81147239919151,1269.5721648726635,-195.7944085436738,-43.12259831976178
2025-02-19 17:39:41.235,845,60,631,-13,-34,29,-8,-4,12,569,84,z,-5.431761874833824,53.12592810348748,1644.956285226151,116.80162972020007,33.636194109229336
2025-02-19 17:39:41.337,913,59,736,-16,80,-11,-8,-4,13,752,67,z,-4.583203436001709,51.0368518924958,1690.5505712865981,109.2469701050485,109.19033902854733
2025-02-19 17:39:41.437,859,108,641,0,-32,7,-7,-5,15,762,85,z,-9.563756208426353,52.88396379790035,1656.415069006103,208.25707503219925,45.95569355889154
2025-02-19 17:39:41.552,845,-14,639,10,5,17,-9,-4,14,832,86,z,1.2551057961074716,52.89633959667615,1642.5453905978472,-27.213769785053096,35.885793382219504
2025-02-19 17:39:41.661,599,-116,691,2,-4,-3,-6,-2,11,731,37,z,9.529539187410544,40.52704270357846,1248.806875591961,-241.83906104952837,-58.61026883813872
2025-02-19 17:39:41.767,747,-87,676,-16,18,-1,-8,-3,13,686,35,z,7.333553297079834,47.62214873572476,1485.7159494143255,-173.03519089564435,7.496677638441497
2025-02-19 17:39:42.687,739,-64,649,-5,-1,-4,-8,-4,12,722,53,0,5.631914209899628,48.57244763685219,1488.7929716245035,-128.93470931524791,-9.478536649935904
2025-02-19 17:39:42.782,757,-64,653,-2,-1,-5,-9,-4,14,761,56,0,5.597635271461053,49.082931383597675,1512.658386014842,-127.88657424696154,1.1572971364705609
2025-02-19 17:39:42.887,756,-38,652,-1,-3,-6,-8,-4,14,791,61,0,3.3355512367323548,49.17635104304046,1512.7252904088887,-76.03645639621396,-0.6255150087240509
2025-02-19 17:39:42.996,770,-28,648,-2,1,-5,-8,-4,12,797,64,0,2.474204468170449,49.891099929595725,1534.8213364035505,-55.81168496012911,4.358148065583464
2025-02-19 17:39:43.101,751,-31,647,-3,2,-2,-8,-4,14,800,62,0,2.743140419039271,49.22202316076389,1508.2461593582234,-62.25783081239004,-5.381178568269661
2025-02-19 17:39:43.207,766,-30,642,-5,2,-5,-9,-6,12,800,60,0,2.675426656029148,50.00218444335032,1532.0689493082964,-60.002700364554684,-0.05778780147022644
2025-02-19 17:39:43.319,734,-35,653,-3,-2,-3,-8,-5,14,805,59,0,3.0680478434349183,48.30142905212587,1480.6547740056594,-70.603429278199,-11.258266247541542
2025-02-19 17:39:43.419,723,41,614,-6,-4,-19,-9,-5,15,812,82,0,-3.8202683030277793,49.597879557225546,1484.5143209350472,84.18407629092245,-32.707874210399495
2025-02-19 17:39:43.532,913,65,588,-13,-25,99,-8,-5,13,586,83,0,-6.308105257097079,57.05862866160071,1752.2274378472923,124.74784606798903,47.511792492652944
2025-02-19 17:39:43.637,619,-215,701,6,-3,-65,-9,-6,13,840,89,0,17.0510231758473,40.171393433947756,1264.0762601520619,-439.0571824437694,-29.53062740968562
2025-02-19 17:39:43.748,1057,61,718,-26,57,31,-8,-7,14,823,64,0,-4.856086108972675,55.71664784382286,1883.2619975748107,108.68399418359833,156.735937314367
2025-02-19 17:39:44.666,768,-21,631,0,-1,-3,-8,-5,14,816,71,1,1.9061290685586207,50.57742022616908,1540.4833716628482,-42.122592193906,-3.6836035406995506
2025-02-19 17:39:44.761,729,-35,629,1,-5,-5,-8,-7,15,806,77,1,3.1848750947136675,49.16771902411794,1485.6267922699099,-71.32638920363078,-23.837108830964667
2025-02-19 17:39:44.867,909,54,584,2,-8,6,-9,-6,14,817,86,1,-5.282875548676179,57.169693614079435,1749.2799514109975,103.91762087590084,44.150174230998346
2025-02-19 17:39:44.977,665,-200,652,31,-15,45,-9,-5,14,847,88,1,17.053314768700947,44.277544807094145,1363.1347396150816,-409.96533522258085,-32.486992825613584
2025-02-19 17:39:45.084,818,-53,693,-4,16,-5,-7,-4,16,785,85,1,4.373414789649266,49.64669911147338,1580.0663067624932,-102.37593430123735,47.386368476274015
2025-02-19 17:39:45.191,818,101,306,-4,-10,-20,-8,-5,15,545,85,1,-18.266266936827478,68.49886485604021,1748.4103066772727,215.87951219364854,-42.05079931937075
2025-02-19 17:39:45.297,686,-47,674,14,-7,11,-7,-4,14,722,94,1,3.988945726267209,45.436063281565865,1398.4678562017189,-95.8133953957446,-26.004861632592906
2025-02-19 17:39:45.407,569,-181,617,-16,40,9,-6,-2,12,635,39,1,16.34931160305504,41.506045740613224,1231.6990728959934,-391.8058562287782,-101.6033883599788
2025-02-19 17:39:46.119,747,-31,638,-4,-1,-5,-8,-5,14,757,63,2,2.7817763972124108,49.466558254383834,1507.0267736854282,-62.5406023885519,-11.125945932132709
2025-02-19 17:39:46.218,765,-38,633,-1,-3,-3,-7,-6,15,786,66,2,3.4354341585559918,50.34328492513588,1534.881901827015,-76.24249969859682,-4.0395344529418935
2025-02-19 17:39:46.325,767,-29,636,0,-2,-2,-9,-4,15,802,69,2,2.610735054525265,50.30507911121403,1536.4561770109858,-58.092867188159815,-2.036673505849876
2025-02-19 17:39:46.436,759,-19,637,0,-2,-3,-10,-5,15,808,72,2,1.7084727566095737,49.98198960571986,1524.842350981679,-38.17128414842148,-5.74252644970943
2025-02-19 17:39:46.538,784,20,574,-3,2,-10,-9,-7,12,749,84,2,-1.995561315707744,53.77397402807516,1590.6919528323115,40.57887634776304,-16.613751180799454
2025-02-19 17:39:46.649,726,19,712,12,-20,9,-8,-5,16,870,85,2,-1.5285976339024814,45.54760472389381,1439.8325597897824,37.68156836915409,11.932806376962617
2025-02-19 17:39:46.753,779,125,522,-20,25,18,-8,-5,15,691,87,2,-13.466670206723837,55.43181865935961,1602.451588144541,257.13279655721124,-29.786558422914368
2025-02-19 17:39:46.857,767,113,655,-3,-45,41,-7,-3,15,707,94,2,-9.788265495949762,49.088068605798775,1522.7171081692925,224.33772258556724,9.635324835871415
2025-02-19 17:39:46.968,921,16,518,-47,119,31,-6,-1,15,628,49,2,-1.769191306046608,60.633526006021704,1792.500908982099,31.140080937799766,27.83987963873261
2025-02-19 17:39:47.987,736,-54,647,-5,1,-9,-8,-4,14,793,53,3,4.770970391058822,48.58343460220394,1485.9198393103943,-109.02129255809959,-12.236597872045081
2025-02-19 17:39:48.087,691,-44,637,5,-10,-16,-7,-5,14,800,64,3,3.951360010546247,47.26055434852438,1425.4475375936681,-90.76655811016121,-40.052216276652075
2025-02-19 17:39:48.193,1019,-52,563,6,-18,-7,-9,-6,13,783,84,3,5.277000830652602,60.97611690010204,1893.4175437348686,-96.62189624554773,79.88216180301208
2025-02-19 17:39:48.295,751,-5,628,9,0,16,-8,-4,15,783,89,3,0.4561669498359123,50.09611905257922,1518.1217012654065,-10.107334895242388,-13.481262842443812
2025-02-19 17:39:48.407,679,-18,749,4,-11,16,-8,-5,14,697,88,3,1.3766696351097025,42.185399264827765,1350.5317876112197,-35.80202087923705,8.238131191747357
2025-02-19 17:39:48.507,980,-29,501,15,28,14,-8,-3,14,461,88,3,3.3128255005213614,62.883911876170686,1870.0848567314524,-55.33924576042052,45.96682324239026
2025-02-19 17:39:48.619,521,-114,743,-2,-3,-5,-6,-1,12,688,34,3,8.722982015205332,34.72584869352918,1090.6503715017752,-238.64518685451515,-69.38047221846261
2025-02-19 17:39:49.539,774,-49,632,-1,-1,-2,-8,-4,16,784,72,4,4.433367044362399,50.68293676136464,1547.6515484484644,-97.97794040565213,0.28452374750725085
2025-02-19 17:39:49.634,753,-61,634,-2,-1,-4,-9,-4,17,796,70,4,5.495768537498555,49.77366731857944,1516.4993007945175,-122.85054096741771,-8.840048743325156
2025-02-19 17:39:49.741,775,-64,625,0,-1,-3,-8,-4,15,814,73,4,5.846708923984534,50.969399576252535,1551.8097443683446,-128.14944985751492,-1.4594712647940469
2025-02-19 17:39:49.847,761,-36,629,-4,3,-4,-9,-5,15,831,71,4,3.2756761134635024,50.378755992012664,1531.2768470983603,-72.43885216234031,-7.6677225031126
2025-02-19 17:39:49.957,790,-51,620,2,-4,-4,-9,-5,14,846,76,4,4.702452789131307,51.78095370194681,1575.651278062389,-101.719259723015,3.412921014327594
2025-02-19 17:39:50.065,734,-57,623,6,-7,-8,-9,-6,16,852,82,4,5.227595780738164,49.55841602405291,1495.0677162973661,-116.10198886777911,-22.974369554848863
2025-02-19 17:39:50.167,765,-87,663,-4,-10,-23,-7,-6,15,846,85,4,7.475737385548222,48.84340890846205,1517.9137347314825,-172.62548355769803,10.474763232715077
2025-02-19 17:39:50.278,824,-11,511,9,9,3,-7,-6,15,530,87,4,1.2331824879169315,58.189115628750685,1673.7925728527289,-22.344318326917502,-15.995151368621919
2025-02-19 17:39:50.384,787,-7,620,14,-4,9,-7,-4,14,820,91,4,0.6468603487518197,51.76712223225591,1572.501905431527,-13.986675143609512,1.1802015660146026
2025-02-19 17:39:50.495,522,-186,678,11,-55,-29,-8,-5,15,863,82,4,15.340890764004898,36.593098727450894,1118.128171333246,-398.4134863371337,-96.28141793858413
2025-02-19 17:39:50.601,830,144,518,-9,-6,52,-7,-6,14,557,92,4,-15.53551995309751,57.06634085715472,1669.3006248519332,289.6136023839498,-5.804486353375182
2025-02-19 17:39:50.708,663,-28,565,-58,73,14,-8,-3,14,771,41,4,2.837115777050883,49.528100034659914,1423.7243882201492,-60.127123484410525,-83.27945602471243
2025-02-19 17:39:51.527,756,-46,642,2,1,-3,-8,-7,16,803,73,5,4.098301256082255,49.589477926886445,1517.4192708332585,-92.32974399249984,-4.602079199671834
2025-02-19 17:39:51.625,684,-42,623,9,-4,-12,-10,-6,14,737,78,5,3.8568009855898424,47.607478658706455,1422.543349149754,-87.34915301796735,-49.67910309984916
2025-02-19 17:39:51.732,730,83,584,-15,-39,21,-8,-6,16,812,86,5,-8.088892258519726,51.060429326293246,1507.809267465222,171.43584821864854,-38.2474139721777
2025-02-19 17:39:51.834,789,57,690,2,39,-12,-7,-7,14,790,80,5,-4.722406879915756,48.73293179219233,1540.6433573616214,111.30123114019318,32.66930725029306
2025-02-19 17:39:51.941,774,81,610,9,-9,33,-8,-6,14,656,83,5,-7.563878885125574,51.51419521631678,1556.762362864278,162.91699146254072,-6.905738174689304
2025-02-19 17:39:52.051,628,-39,789,-2,-10,2,-7,-6,13,739,86,5,2.8298075928871547,38.48377435200869,1250.292984107181,-77.64558340793003,7.170120285723101
2025-02-19 17:39:52.157,891,-11,523,33,20,5,-7,-3,13,553,85,5,1.2048961089822579,59.58234742240355,1753.3577214971342,-21.646391623421408,16.812470995509273
2025-02-19 17:39:52.267,551,-133,773,-12,3,-3,-7,-1,13,723,31,5,9.762548864501552,35.08746740039487,1125.8262802068266,-271.7511710844064,-33.42597931012165
2025-02-19 17:39:53.084,756,-51,640,0,-6,-4,-8,-5,16,818,68,6,4.556129750252514,49.66060427369783,1518.2234264081367,-102.41983432118381,-5.268509128581172
2025-02-19 17:39:53.182,732,-46,633,4,-11,-6,-8,-3,15,826,80,6,4.156368155625798,49.07358576666925,1487.5515432961097,-93.48001501587575,-20.366293588029407
2025-02-19 17:39:53.287,713,-106,659,19,11,-11,-9,-6,15,725,84,6,9.13774367800746,46.888991559781836,1443.0309833442234,-214.53195544808932,-15.741119248027076
2025-02-19 17:39:53.395,767,138,528,-1,-18,53,-9,-4,12,593,86,6,-14.647375272363,54.56737037718093,1581.7977662079134,284.59985884835993,-32.903807767638
2025-02-19 17:39:53.500,741,-79,513,21,37,-40,-8,-5,15,738,86,6,8.754554789155957,54.98996592021602,1560.0515825888506,-166.32128883200969,-54.035711023050226
2025-02-19 17:39:53.607,600,-52,688,-38,44,30,-6,-3,10,720,35,6,4.322277059491046,41.010636307740675,1256.1991209078337,-108.8705904786789,-64.4416586409825
2025-02-19 17:39:53.719,716,-118,686,5,-25,-15,-8,-5,13,760,36,6,9.760030239540148,45.808427013402,1433.0131383326875,-236.16696972521945,-0.970688402546898
2025-02-19 17:39:54.431,745,-47,649,0,0,-5,-8,-7,13,776,66,7,4.142078167109475,48.86531192659324,1498.165265383147,-94.51512412484284,-7.11309695793625
2025-02-19 17:39:54.530,763,-24,630,3,0,-5,-9,-4,15,751,76,7,2.181641403551466,50.43352027631088,1533.886028905657,-48.24805333386077,-6.511400013845105
2025-02-19 17:39:54.637,793,-74,480,22,7,-7,-10,-5,15,547,82,7,8.764100827877993,58.51472845639145,1645.7744496926653,-153.57794360309862,-36.18125580388312
2025-02-19 17:39:54.749,672,-159,758,27,-19,18,-6,-5,14,838,85,7,11.846747315978858,40.94688021279682,1327.3590444236058,-314.06263104665675,18.77060167694458
2025-02-19 17:39:54.850,833,62,623,-5,7,20,-9,-5,15,622,86,7,-5.683274745014908,53.071710737531234,1632.388109079392,121.49827462535691,25.138304974236235
2025-02-19 17:39:54.957,786,-149,451,2,1,-18,-8,-5,14,496,84,7,18.282363885337766,58.85564548758366,1641.866962944615,-311.2445006090936,-40.08905889061231
2025-02-19 17:39:55.064,729,-39,681,15,-3,8,-9,-5,16,808,89,7,3.2776759521902763,46.90294620324835,1459.1974102400034,-78.0640589840331,-1.118568413501066
2025-02-19 17:39:55.177,550,-141,686,1,-5,0,-7,-3,13,744,42,7,11.614779726407027,38.14368591955665,1167.6357046680412,-299.339335196716,-84.36016982232036
2025-02-19 17:39:55.995,826,-11,639,-3,-6,-4,-9,-5,15,728,88,8,0.986214914259636,52.27007811906489,1616.9040640547273,-21.532620707750603,27.150487977033208
2025-02-19 17:39:56.089,719,-141,598,-5,6,-22,-9,-4,15,631,89,8,13.267218785348438,49.48553185645704,1479.2419448533208,-290.0877805623341,-34.301367207629596
2025-02-19 17:39:56.195,717,68,662,0,-15,25,-8,-4,15,644,91,8,-5.864797913380533,47.13407669553413,1449.947628304157,137.51246684056161,-14.72430953605567
2025-02-19 17:39:56.307,844,-182,585,-5,4,-48,-9,-5,14,868,86,8,17.281498371816642,54.02420359979171,1653.2652217811578,-356.50979900968093,24.075646040311312
2025-02-19 17:39:56.409,749,41,649,-8,-11,50,-8,-6,15,755,0,8,-3.6148063554592924,49.034962143157436,1504.109769869447,82.33444668177214,-5.294046255368585
2025-02-19 17:39:56.520,887,-7,553,-33,73,24,-8,-4,14,758,53,8,0.725224299059252,58.05646985804864,1735.5699646365183,-13.696718999386276,23.95919904848415
2025-02-19 17:39:56.627,656,-99,664,9,-31,-14,-7,-3,13,757,37,8,8.480124881133058,44.337877675221364,1354.8882701923158,-204.4724676052428,-43.41129787758803
2025-02-19 17:39:57.537,767,-44,631,0,-3,-1,-9,-5,14,818,61,9,3.9888116577737236,50.488161924335095,1538.49314463654,-88.25775536376499,-3.6964462394477096
2025-02-19 17:39:57.638,771,-42,626,1,-6,-3,-8,-5,14,831,68,9,3.8383732974278377,50.86275381490384,1546.6362606047169,-84.25255894344762,-3.7643309190048058
2025-02-19 17:39:57.748,749,-24,645,7,-8,-15,-9,-4,15,846,85,9,2.1309528871049226,49.24707332060012,1506.5316403024744,-48.27337699233563,-7.347006669019947
2025-02-19 17:39:57.859,813,-135,559,21,15,-14,-8,-7,14,653,85,9,13.577113771877913,54.72656158456084,1629.4053897145432,-270.565470616806,-2.341467220700565
2025-02-19 17:39:57.962,777,58,650,-1,-13,7,-8,-5,15,763,91,9,-5.099042015538548,49.97395362066511,1542.7521558916246,115.16039258907878,9.40939339825502
2025-02-19 17:39:58.069,779,-51,595,2,-3,-21,-9,-6,14,871,84,9,4.899092453787765,52.52621165279654,1572.631753223639,-102.95791965905725,-11.17572935566784
2025-02-19 17:39:58.174,875,76,500,0,-1,41,-8,-4,14,287,95,9,-8.642802580004533,59.972430441494865,1740.78471375204,151.19958656589148,5.2658778559771235
2025-02-19 17:39:58.282,469,-172,636,-41,60,27,-7,-1,12,621,30,9,15.133083148487009,35.44512915318309,1048.9230298770149,-384.6796612768584,-150.4201428609415
2025-02-19 17:39:58.391,770,-108,671,10,-10,-8,-6,-2,12,455,28,9,9.143553622629632,48.56695711273395,1519.7295616123733,-213.15687357680048,17.664239166360176
