Timestamp,Acc_X,Acc_Y,Acc_Z,Gyro_X,Gyro_Y,Gyro_Z,Mag_X,Mag_Y,Mag_Z,Force,IR_A,Letter
2025-02-19 14:03:01.823,25, 270, 957, 0, -1, -1, 0, 0, 0, 0, 17,noise
2025-02-19 14:03:01.918,28, 276, 954, -1, -1, 0, 0, 0, -1, 0, 16,noise
2025-02-19 14:03:02.024,26, 279, 962, -1, -1, 0, 0, -1, -1, 0, 17,noise
2025-02-19 14:03:02.130,28, 277, 960, -1, -1, 0, 1, -1, 0, 0, 17,noise
2025-02-19 14:03:02.240,27, 275, 955, 0, -1, -1, -1, 0, -2, 0, 16,noise
2025-02-19 14:03:02.348,23, 274, 954, 0, -1, -1, -1, -2, -2, 0, 16,noise
2025-02-19 14:03:02.454,27, 278, 964, 0, -1, 0, -1, -1, -2, 0, 10,noise
2025-02-19 14:03:02.560,26, 276, 963, -1, -1, -1, 1, -1, 0, 0, 9,noise
2025-02-19 14:03:02.667,25, 275, 963, -1, -1, 0, -1, 0, -1, 0, 9,noise
2025-02-19 14:03:02.773,30, 270, 954, 0, -2, 0, 1, -1, -1, 0, 10,noise
2025-02-19 14:03:02.879,31, 273, 957, -1, -1, 0, 0, 0, -1, 0, 11,noise
2025-02-19 14:03:02.987,26, 276, 958, 0, -1, -1, 1, 0, -2, 0, 11,noise
2025-02-19 14:03:03.094,35, 279, 959, 0, -1, 0, -2, 0, -1, 0, 13,noise
2025-02-19 14:03:03.200,21, 265, 963, -3, -2, -4, 1, 0, 0, 0, 14,noise
2025-02-19 14:03:03.311,28, 279, 953, 2, -1, 0, -1, -1, -2, 0, 15,noise
2025-02-19 14:03:03.414,25, 286, 959, -2, -2, 0, -1, 0, -1, 0, 16,noise
2025-02-19 14:03:03.527,138, 281, 951, -21, -2, -8, 1, -2, -1, 0, 17,noise
2025-02-19 14:03:03.634,-18, 266, 1056, 27, 25, 31, -1, 2, -1, 0, 16,noise
2025-02-19 14:03:03.733,51, 277, 937, -31, -18, 4, 0, 1, 0, 0, 19,noise
2025-02-19 14:03:03.843,21, 155, 975, -58, -11, -2, 0, 5, 0, 0, 18,noise
2025-02-19 14:03:03.953,131, 47, 942, -42, -24, -4, -1, 8, 0, 0, 0,noise
2025-02-19 14:03:04.064,129, -29, 951, -72, -43, -3, -3, 11, 4, 0, 21,noise
2025-02-19 14:03:04.174,184, -155, 894, -59, -45, -24, -4, 13, 7, 0, 21,noise
2025-02-19 14:03:04.277,241, -210, 892, -7, 10, -16, -4, 17, 8, 0, 18,noise
2025-02-19 14:03:04.378,218, -147, 861, 5, -9, 2, -4, 14, 9, 0, 16,noise
2025-02-19 14:03:04.494,281, -173, 915, -52, -11, -50, -6, 15, 9, 0, 16,noise
2025-02-19 14:03:04.599,282, -199, 1015, 15, -65, -13, -5, 15, 8, 0, 16,noise
2025-02-19 14:03:04.704,426, 46, 704, -30, 1, -19, -6, 16, 9, 0, 15,noise
2025-02-19 14:03:04.814,389, -177, 1258, 52, 3, -14, -6, 16, 8, 0, 12,noise
2025-02-19 14:03:04.918,171, -217, 940, 4, 5, 16, -4, 15, 7, 0, 15,noise
2025-02-19 14:03:05.024,244, -166, 952, 2, 1, 3, -3, 15, 8, 0, 66,noise
2025-02-19 14:03:05.133,127, -285, 890, 6, 19, 9, -6, 14, 9, 0, 103,noise
2025-02-19 14:03:05.244,217, -211, 1011, 6, -2, -2, -5, 14, 9, 0, 57,noise
2025-02-19 14:03:05.346,242, -143, 965, 0, 0, -1, -5, 14, 7, 0, 51,noise
2025-02-19 14:03:05.455,238, -147, 957, 1, -1, -2, -5, 14, 9, 0, 60,noise
2025-02-19 14:03:05.562,220, -151, 958, 1, -1, -2, -4, 15, 8, 0, 75,noise
2025-02-19 14:03:05.664,235, -126, 959, 3, -2, -3, -4, 14, 7, 0, 109,noise
2025-02-19 14:03:05.776,244, -122, 956, 1, -4, -5, -4, 13, 9, 0, 144,noise
2025-02-19 14:03:11.698,631, -144, 741, 0, 3, -2, -15, 14, 21, 372, 29,A
2025-02-19 14:03:11.793,671, -127, 720, 3, 4, 0, -14, 15, 20, 304, 28,A
2025-02-19 14:03:11.903,624, -144, 739, -19, 0, -2, -15, 12, 23, 379, 27,A
2025-02-19 14:03:12.010,680, -124, 725, -16, 4, -5, -15, 12, 23, 436, 28,A
2025-02-19 14:03:12.117,654, -194, 780, -24, 3, -8, -15, 12, 22, 485, 27,A
2025-02-19 14:03:12.226,628, -296, 737, -20, -9, -9, -14, 12, 23, 527, 29,A
2025-02-19 14:03:12.333,683, -190, 696, -31, -7, -6, -14, 13, 25, 675, 31,A
2025-02-19 14:03:12.440,637, -208, 751, 30, -16, -4, -14, 11, 26, 760, 34,A
2025-02-19 14:03:12.543,750, -167, 645, -18, -16, -11, -16, 9, 26, 746, 45,A
2025-02-19 14:03:12.653,733, -136, 612, -30, -24, -27, -16, 10, 28, 739, 57,A
2025-02-19 14:03:12.764,752, -188, 595, -23, -6, -21, -16, 6, 30, 609, 69,A
2025-02-19 14:03:12.870,758, -198, 590, 10, -22, -26, -17, 5, 30, 626, 105,A
2025-02-19 14:03:12.976,768, -145, 570, -3, 7, -4, -19, 5, 32, 669, 125,A
2025-02-19 14:03:13.083,796, -177, 599, -3, 0, -9, -18, 4, 30, 691, 131,A
2025-02-19 14:03:13.185,775, 128, 558, 12, -11, 69, -16, 6, 31, 0, 127,A
2025-02-19 14:03:13.297,788, -171, 523, -53, 45, -29, -16, 7, 31, 356, 98,A
2025-02-19 14:03:13.407,800, -194, 658, -12, -35, 25, -17, 3, 30, 475, 123,A
2025-02-19 14:03:13.509,725, -24, 531, 36, 28, 17, -16, 8, 33, 0, 133,A
2025-02-19 14:03:13.620,942, 141, 555, -24, -9, -26, -17, 6, 31, 0, 125,A
2025-02-19 14:03:13.726,733, -85, 625, 39, -2, 5, -16, 5, 29, 489, 130,A
2025-02-19 14:03:13.834,671, -250, 627, -27, 58, 33, -17, 9, 29, 400, 57,A
2025-02-19 14:03:14.745,753, -64, 643, 0, -2, -1, -15, 5, 28, 667, 90,B
2025-02-19 14:03:14.844,739, -58, 637, 1, -4, -7, -16, 6, 27, 668, 96,B
2025-02-19 14:03:14.953,775, -65, 609, -8, -3, -5, -17, 5, 28, 594, 111,B
2025-02-19 14:03:15.066,679, -190, 707, -35, -21, 62, -18, 4, 29, 0, 110,B
2025-02-19 14:03:15.168,781, 44, 598, 31, 28, -41, -16, 9, 29, 0, 114,B
2025-02-19 14:03:15.275,789, -173, 526, -8, -1, -32, -16, 5, 28, 385, 109,B
2025-02-19 14:03:15.384,717, -49, 681, -2, -18, 35, -17, 4, 29, 3, 114,B
2025-02-19 14:03:15.492,762, -117, 593, -4, -14, 14, -19, 6, 28, 58, 114,B
2025-02-19 14:03:15.594,843, 2, 515, 10, 0, 32, -17, 6, 27, 0, 119,B
2025-02-19 14:03:15.703,597, -173, 582, -33, 47, 12, -16, 9, 28, 0, 54,B
2025-02-19 14:03:15.815,819, -97, 643, 35, -35, -21, -15, 8, 27, 166, 65,B
2025-02-19 14:03:16.529,766, -99, 626, 5, -4, -3, -15, 6, 28, 542, 86,C
2025-02-19 14:03:16.626,771, -75, 619, 0, -2, -1, -16, 7, 29, 583, 91,C
2025-02-19 14:03:16.736,724, -69, 625, 6, -14, -14, -18, 7, 29, 634, 102,C
2025-02-19 14:03:16.847,768, -135, 621, -13, 10, -24, -18, 5, 29, 275, 118,C
2025-02-19 14:03:16.949,945, 66, 517, 12, -24, 61, -18, 5, 29, 0, 112,C
2025-02-19 14:03:17.054,898, -117, 630, 35, 13, 6, -17, 7, 32, 437, 113,C
2025-02-19 14:03:17.160,476, -295, 756, -11, 0, 0, -16, 10, 27, 0, 41,C
2025-02-19 14:03:17.274,794, -118, 631, 8, -9, -13, -16, 9, 29, 45, 56,C
2025-02-19 14:03:18.192,764, -87, 621, 2, -4, -7, -16, 6, 29, 427, 84,D
2025-02-19 14:03:18.285,773, -71, 625, 1, 2, -8, -16, 7, 28, 454, 95,D
2025-02-19 14:03:18.394,748, -57, 625, -3, -1, -16, -14, 6, 28, 335, 102,D
2025-02-19 14:03:18.502,781, -123, 603, -19, -1, -15, -17, 3, 27, 0, 111,D
2025-02-19 14:03:18.609,875, 170, 542, 4, -18, 53, -18, 6, 29, 0, 117,D
2025-02-19 14:03:18.713,663, -252, 506, 8, -5, -72, -16, 5, 28, 92, 109,D
2025-02-19 14:03:18.826,664, -116, 763, -21, -14, -5, -17, 3, 29, 492, 107,D
2025-02-19 14:03:18.928,816, 68, 495, 21, 8, 42, -17, 5, 30, 0, 117,D
2025-02-19 14:03:19.036,629, -195, 732, -31, 27, 22, -17, 7, 25, 0, 53,D
2025-02-19 14:03:19.146,745, -103, 646, 15, -14, -11, -16, 9, 27, 53, 52,D
2025-02-19 14:03:19.963,772, -75, 626, 3, -5, -4, -16, 7, 29, 353, 82,E
2025-02-19 14:03:20.059,772, -58, 610, 5, -3, -5, -17, 6, 28, 409, 93,E
2025-02-19 14:03:20.163,769, -42, 622, 0, 3, -9, -16, 6, 29, 455, 97,E
2025-02-19 14:03:20.275,826, -22, 574, -2, 1, -9, -16, 4, 30, 311, 112,E
2025-02-19 14:03:20.382,710, 72, 666, -26, -30, 68, -18, 5, 27, 0, 115,E
2025-02-19 14:03:20.484,938, 1, 623, 9, 69, -42, -16, 7, 29, 0, 103,E
2025-02-19 14:03:20.595,783, -77, 577, 33, 9, -27, -16, 2, 30, 0, 114,E
2025-02-19 14:03:20.705,806, -84, 663, 18, -7, 22, -17, 4, 30, 630, 115,E
2025-02-19 14:03:20.808,1525, -55, 485, 6, 8, -18, -16, 4, 29, 0, 114,E
2025-02-19 14:03:20.919,734, -71, 620, 15, -16, 13, -15, 4, 31, 292, 116,E
2025-02-19 14:03:21.021,667, -102, 441, 0, 11, 4, -16, 6, 30, 0, 100,E
2025-02-19 14:03:21.132,771, -93, 586, 16, -29, 11, -15, 5, 30, 0, 121,E
2025-02-19 14:03:21.234,628, -190, 588, -22, 57, 8, -17, 10, 28, 5, 60,E
2025-02-19 14:03:22.158,783, -66, 623, 6, -4, -5, -16, 8, 30, 186, 83,F
2025-02-19 14:03:22.254,777, -23, 621, 5, 0, -6, -17, 3, 26, 365, 93,F
2025-02-19 14:03:22.363,883, -123, 705, -18, -10, -17, -16, 4, 26, 305, 114,F
2025-02-19 14:03:22.471,812, 146, 552, -12, -16, 48, -16, 6, 30, 0, 115,F
2025-02-19 14:03:22.577,755, -103, 669, -72, 55, -25, -17, 6, 27, 0, 86,F
2025-02-19 14:03:22.683,823, -141, 612, 32, 13, -24, -16, 3, 29, 0, 112,F
2025-02-19 14:03:22.791,734, -11, 694, 14, -9, 46, -15, 4, 32, 640, 113,F
2025-02-19 14:03:22.897,820, 113, 674, -6, 0, -11, -18, 5, 28, 0, 113,F
2025-02-19 14:03:23.244,768, -30, 654, 14, -6, 20, -16, 6, 30, 421, 115,F
2025-02-19 14:03:23.244,623, -193, 651, -6, 16, 0, -15, 6, 28, 1, 59,F
2025-02-19 14:03:24.624,773, -62, 623, -1, -2, -1, -17, 8, 28, 0, 79,G
2025-02-19 14:03:24.723,770, -65, 621, 0, -3, -2, -17, 7, 29, 0, 82,G
2025-02-19 14:03:24.824,769, -61, 615, -2, -2, -2, -16, 3, 28, 0, 84,G
2025-02-19 14:03:24.940,780, -63, 604, -1, -3, -1, -17, 7, 30, 0, 88,G
2025-02-19 14:03:25.047,773, -50, 617, 10, -5, 1, -16, 4, 28, 345, 95,G
2025-02-19 14:03:25.153,784, -42, 602, 3, -4, 0, -16, 7, 28, 482, 100,G
2025-02-19 14:03:25.263,934, -18, 594, 7, -4, -4, -16, 5, 31, 556, 116,G
2025-02-19 14:03:25.372,781, -151, 634, -38, 4, -31, -18, 4, 29, 0, 122,G
2025-02-19 14:03:25.474,886, 175, 575, 22, -26, 59, -17, 5, 29, 0, 117,G
2025-02-19 14:03:25.584,771, -267, 605, -7, 3, -21, -16, 6, 32, 101, 119,G
2025-02-19 14:03:25.690,851, 53, 561, 24, -14, 35, -17, 9, 29, 2, 123,G
2025-02-19 14:03:25.800,797, 55, 436, -21, -20, -33, -17, 5, 29, 0, 123,G
2025-02-19 14:03:25.907,831, -15, 657, 32, 0, 35, -16, 5, 32, 439, 120,G
2025-02-19 14:03:26.014,638, -226, 628, 4, -2, -11, -16, 6, 27, 0, 60,G
2025-02-19 14:03:26.833,791, -47, 608, -1, -2, -2, -18, 6, 29, 95, 91,H
2025-02-19 14:03:26.927,766, -47, 617, -1, 1, -4, -16, 4, 29, 127, 95,H
2025-02-19 14:03:27.039,709, -81, 615, 4, -16, -25, -18, 7, 30, 144, 112,H
2025-02-19 14:03:27.144,733, -76, 678, -10, -26, 65, -17, 4, 29, 0, 115,H
2025-02-19 14:03:27.251,844, -64, 504, 10, 45, -35, -16, 5, 30, 0, 112,H
2025-02-19 14:03:27.356,811, 141, 553, 30, -40, 26, -18, 5, 30, 0, 117,H
2025-02-19 14:03:27.468,513, -179, 614, -35, 22, -40, -18, 5, 28, 465, 91,H
2025-02-19 14:03:27.574,811, -64, 597, -15, -17, 59, -18, 5, 29, 0, 119,H
2025-02-19 14:03:27.680,1050, 51, 530, -45, 62, 16, -17, 8, 33, 0, 94,H
2025-02-19 14:03:27.787,663, -147, 665, 5, -9, -21, -15, 6, 26, 0, 56,H
2025-02-19 14:03:28.607,766, -61, 604, 5, -3, -4, -18, 6, 29, 93, 88,I
2025-02-19 14:03:28.701,799, -29, 600, 11, 1, -3, -16, 5, 30, 321, 95,I
2025-02-19 14:03:28.807,771, -22, 629, 13, 5, -8, -17, 5, 28, 556, 95,I
2025-02-19 14:03:28.918,742, -27, 636, 2, -1, -11, -17, 3, 29, 362, 98,I
2025-02-19 14:03:29.029,1034, 49, 637, 10, -34, -25, -16, 2, 28, 388, 107,I
2025-02-19 14:03:29.131,902, -27, 603, 3, 29, 23, -17, 4, 29, 580, 106,I
2025-02-19 14:03:29.238,832, 24, 402, -55, -4, -6, -17, 3, 30, 0, 111,I
2025-02-19 14:03:29.344,797, 70, 614, 23, -12, 47, -16, 6, 30, 0, 119,I
2025-02-19 14:03:29.455,895, -15, 351, -24, -1, -16, -18, 8, 29, 0, 117,I
2025-02-19 14:03:29.557,752, -64, 605, 18, -10, 13, -16, 5, 30, 0, 124,I
2025-02-19 14:03:29.667,617, -219, 666, -30, 34, 0, -16, 8, 27, 0, 54,I
2025-02-19 14:03:30.483,770, -25, 611, 3, 1, -2, -16, 6, 30, 512, 84,J
2025-02-19 14:03:30.577,791, 9, 612, 3, 6, -8, -17, 5, 29, 464, 94,J
2025-02-19 14:03:30.687,713, -31, 633, 13, 5, -18, -17, 3, 29, 131, 97,J
2025-02-19 14:03:30.802,955, 186, 675, -11, -47, -12, -17, 3, 29, 273, 104,J
2025-02-19 14:03:30.905,748, 6, 627, 13, 14, 38, -17, 3, 28, 583, 107,J
2025-02-19 14:03:31.011,866, -147, 568, -32, 7, 5, -17, 3, 27, 421, 105,J
2025-02-19 14:03:31.117,829, 134, 597, 1, -20, 26, -17, 5, 31, 0, 121,J
2025-02-19 14:03:31.224,922, 109, 562, -11, 41, 49, -18, 5, 27, 0, 83,J
2025-02-19 14:03:31.334,739, -74, 655, 12, -18, -14, -16, 8, 26, 0, 65,J
2025-02-19 14:03:32.244,769, -9, 623, 9, -3, -4, -16, 4, 29, 315, 91,K
2025-02-19 14:03:32.344,751, 10, 608, 5, -1, -20, -17, 4, 28, 327, 103,K
2025-02-19 14:03:32.456,746, -212, 656, -26, 10, 7, -18, 5, 29, 0, 106,K
2025-02-19 14:03:32.555,801, 51, 644, 34, 3, 21, -16, 5, 29, 0, 115,K
2025-02-19 14:03:32.669,579, -206, 725, 24, -39, -27, -17, 5, 30, 80, 90,K
2025-02-19 14:03:32.773,687, -86, 635, -14, 0, -8, -15, 4, 31, 0, 116,K
2025-02-19 14:03:32.883,838, 41, 528, 14, 13, 16, -18, 2, 28, 1, 112,K
2025-02-19 14:03:32.993,813, -50, 586, 22, -16, 32, -16, 8, 30, 0, 126,K
2025-02-19 14:03:33.099,595, -228, 682, -14, 17, -8, -15, 9, 29, 0, 64,K
2025-02-19 14:03:33.913,794, -45, 612, 1, 0, -5, -17, 6, 27, 0, 81,L
2025-02-19 14:03:34.010,757, -45, 610, 1, -1, -6, -18, 5, 28, 0, 85,L
2025-02-19 14:03:34.115,777, -11, 613, 3, 2, -10, -17, 5, 30, 0, 96,L
2025-02-19 14:03:34.230,700, -54, 607, 10, -11, -32, -18, 2, 28, 0, 107,L
2025-02-19 14:03:34.336,729, -21, 660, -10, -1, 46, -17, 4, 30, 0, 108,L
2025-02-19 14:03:34.439,879, 13, 651, -3, -38, 26, -17, 5, 28, 2, 112,L
2025-02-19 14:03:34.550,1039, 42, 645, -33, 67, 30, -17, 8, 29, 0, 89,L
2025-02-19 14:03:34.656,688, -129, 651, 9, -13, -12, -16, 8, 27, 5, 57,L
2025-02-19 14:03:35.474,766, -37, 625, 4, -4, -8, -15, 5, 27, 1, 79,M
2025-02-19 14:03:35.570,762, -22, 638, 5, -1, -9, -16, 5, 28, 0, 87,M
2025-02-19 14:03:35.680,698, -52, 635, 5, -12, -27, -16, 4, 27, 115, 102,M
2025-02-19 14:03:35.786,756, -17, 717, -20, -9, 54, -16, 3, 28, 0, 107,M
2025-02-19 14:03:35.887,787, 14, 542, 33, 26, -46, -17, 5, 29, 0, 107,M
2025-02-19 14:03:36.003,781, -53, 617, -13, -4, -24, -18, 2, 28, 77, 105,M
2025-02-19 14:03:36.104,754, 85, 574, 3, -18, 32, -17, 6, 31, 0, 113,M
2025-02-19 14:03:36.214,799, -68, 602, 6, -2, -44, -16, 4, 29, 414, 116,M
2025-02-19 14:03:36.327,755, -148, 807, -41, -18, 85, -17, 3, 29, 114, 113,M
2025-02-19 14:03:36.429,1085, -34, 541, 36, 30, 19, -17, 7, 31, 0, 110,M
2025-02-19 14:03:36.536,529, -234, 706, -6, -7, -15, -16, 8, 27, 0, 47,M
2025-02-19 14:03:37.253,775, -60, 628, 1, 1, -3, -17, 7, 29, 0, 72,N
2025-02-19 14:03:37.351,761, -49, 623, 7, -7, -13, -18, 5, 28, 1, 79,N
2025-02-19 14:03:37.454,795, 16, 620, 5, 2, -11, -16, 4, 29, 0, 95,N
2025-02-19 14:03:37.564,830, 1, 650, -12, 0, -10, -18, 3, 29, 0, 108,N
2025-02-19 14:03:37.675,866, 208, 601, -15, -11, 49, -17, 5, 26, 0, 112,N
2025-02-19 14:03:37.774,775, -49, 616, -14, 38, -52, -17, 7, 28, 0, 93,N
2025-02-19 14:03:37.888,846, -119, 611, -24, -21, 35, -16, 4, 29, 0, 108,N
2025-02-19 14:03:37.994,935, 58, 528, 10, -13, -41, -15, 6, 30, 0, 126,N
2025-02-19 14:03:38.101,820, 36, 627, -6, 4, -8, -17, 5, 30, 0, 114,N
2025-02-19 14:03:38.208,573, -148, 642, -4, -7, 14, -17, 7, 28, 0, 64,N
2025-02-19 14:03:39.023,795, -39, 602, 0, -2, -3, -16, 8, 29, 1, 95,O
2025-02-19 14:03:39.120,806, -27, 584, 4, -7, -6, -17, 5, 28, 0, 105,O
2025-02-19 14:03:39.228,767, -32, 593, 6, -9, -5, -17, 6, 31, 0, 113,O
2025-02-19 14:03:39.337,795, -48, 588, -15, 3, -21, -15, 5, 29, 0, 121,O
2025-02-19 14:03:39.443,881, -60, 514, 7, 30, 29, -15, 2, 31, 0, 113,O
2025-02-19 14:03:39.554,694, -68, 660, 15, -14, -29, -18, 6, 31, 0, 124,O
2025-02-19 14:03:39.657,904, 36, 589, 11, 31, 22, -17, 3, 29, 0, 112,O
2025-02-19 14:03:39.768,527, -131, 658, 6, -10, 12, -15, 6, 29, 0, 58,O
2025-02-19 14:03:40.579,772, -30, 604, 4, -5, -6, -17, 5, 29, 0, 88,P
2025-02-19 14:03:40.676,789, -8, 595, -3, 0, 0, -17, 5, 29, 0, 96,P
2025-02-19 14:03:40.789,778, -13, 608, 3, 1, -9, -16, 6, 29, 0, 101,P
2025-02-19 14:03:40.893,804, -49, 593, -7, 3, -10, -16, 4, 30, 1, 112,P
2025-02-19 14:03:40.993,791, 152, 561, 0, -18, 39, -17, 5, 30, 0, 118,P
2025-02-19 14:03:41.108,763, -43, 626, -8, 34, -37, -14, 5, 28, 0, 105,P
2025-02-19 14:03:41.220,816, -45, 617, -13, -16, -17, -17, 3, 29, 0, 110,P
2025-02-19 14:03:41.322,812, 88, 576, 5, -6, 40, -18, 5, 32, 0, 118,P
2025-02-19 14:03:41.430,727, -84, 576, -27, 41, 36, -17, 5, 27, 0, 71,P
2025-02-19 14:03:41.541,775, -51, 626, 26, -28, -14, -15, 6, 28, 0, 71,P
2025-02-19 14:03:42.354,795, -41, 598, -3, 0, -2, -17, 6, 29, 0, 88,Q
2025-02-19 14:03:42.451,741, -64, 592, 5, -10, -8, -17, 5, 28, 0, 92,Q
2025-02-19 14:03:42.562,783, -38, 618, -8, 8, -22, -18, 3, 29, 0, 119,Q
2025-02-19 14:03:42.668,952, -92, 456, -1, 23, 32, -16, 4, 31, 0, 109,Q
2025-02-19 14:03:42.778,736, -133, 664, 34, -8, -30, -17, 7, 30, 1, 120,Q
2025-02-19 14:03:42.881,756, 45, 590, -56, 46, 43, -18, 5, 30, 0, 86,Q
2025-02-19 14:03:42.991,807, -240, 547, -24, 12, -17, -16, 4, 29, 0, 113,Q
2025-02-19 14:03:43.094,979, -3, 576, 48, 19, 43, -18, 8, 31, 0, 114,Q
2025-02-19 14:03:43.204,680, -126, 632, -4, -3, -22, -15, 8, 28, 0, 63,Q
2025-02-19 14:03:43.311,805, -42, 613, -3, 1, -5, -16, 6, 28, 0, 74,Q
2025-02-19 14:03:44.129,781, -7, 602, 6, -1, -17, -17, 5, 29, 0, 92,R
2025-02-19 14:03:44.228,765, -2, 612, 6, -1, -11, -18, 6, 30, 389, 103,R
2025-02-19 14:03:44.337,881, -46, 605, -12, -5, -12, -18, 3, 27, 244, 106,R
2025-02-19 14:03:44.441,770, 280, 594, 3, -17, 49, -18, 6, 30, 0, 111,R
2025-02-19 14:03:44.552,666, -136, 501, 7, -13, -65, -18, 4, 29, 309, 104,R
2025-02-19 14:03:44.653,672, 69, 755, -4, -18, 55, -18, 2, 28, 0, 106,R
2025-02-19 14:03:44.766,1026, 14, 698, -41, -55, 60, -16, 3, 30, 0, 113,R
2025-02-19 14:03:44.867,955, 58, 526, -27, 66, 40, -17, 6, 29, 0, 88,R
2025-02-19 14:03:44.978,642, -186, 654, 15, -9, -18, -16, 8, 26, 0, 49,R
2025-02-19 14:03:45.894,744, -75, 635, 2, -6, -5, -17, 6, 28, 0, 68,S
2025-02-19 14:03:45.989,797, -28, 606, 7, -6, -4, -15, 6, 28, 0, 80,S
2025-02-19 14:03:46.093,782, -29, 606, 2, -6, -5, -17, 4, 28, 0, 88,S
2025-02-19 14:03:46.204,705, -50, 627, 12, -22, -17, -16, 3, 28, 0, 111,S
2025-02-19 14:03:46.309,856, -8, 500, 0, 21, -8, -17, 4, 30, 0, 116,S
2025-02-19 14:03:46.418,756, 118, 764, 7, -25, 21, -17, 6, 30, 0, 117,S
2025-02-19 14:03:46.530,1143, -45, 469, -18, 48, 22, -15, 5, 27, 0, 102,S
2025-02-19 14:03:46.636,634, -160, 666, 14, -9, 1, -15, 10, 28, 0, 55,S
2025-02-19 14:03:47.452,757, -78, 628, -5, -1, -4, -16, 9, 29, 0, 62,T
2025-02-19 14:03:47.546,775, -56, 626, 0, -4, -5, -17, 6, 27, 0, 66,T
2025-02-19 14:03:47.654,775, -49, 626, -1, -3, -6, -16, 7, 30, 0, 69,T
2025-02-19 14:03:47.762,768, -42, 621, 7, -8, -19, -17, 6, 29, 0, 81,T
2025-02-19 14:03:47.869,732, -12, 657, 0, 8, -24, -17, 5, 27, 0, 98,T
2025-02-19 14:03:47.974,806, -156, 331, 15, 14, -7, -19, 4, 29, 0, 107,T
2025-02-19 14:03:48.082,762, 33, 643, 3, -4, 10, -17, 3, 30, 96, 111,T
2025-02-19 14:03:48.194,631, -185, 609, 27, -42, -17, -17, 4, 28, 0, 108,T
2025-02-19 14:03:48.299,806, 243, 595, 22, -11, 61, -17, 4, 31, 0, 115,T
2025-02-19 14:03:48.403,668, -145, 585, -22, 46, 15, -15, 7, 27, 0, 62,T
2025-02-19 14:03:48.513,780, -66, 649, 12, -24, -18, -17, 7, 28, 0, 61,T
2025-02-19 14:03:49.433,777, -42, 627, -1, -1, -1, -17, 6, 29, 0, 83,U
2025-02-19 14:03:49.523,766, -43, 627, 1, -1, -3, -16, 4, 28, 0, 84,U
2025-02-19 14:03:49.635,743, -45, 632, 1, 0, -7, -17, 6, 29, 0, 85,U
2025-02-19 14:03:49.741,747, -30, 637, 2, 1, -14, -16, 5, 27, 0, 88,U
2025-02-19 14:03:49.847,698, 18, 639, 8, -5, -20, -16, 5, 27, 0, 97,U
2025-02-19 14:03:49.959,833, -184, 629, -12, 10, 39, -17, 4, 28, 0, 108,U
2025-02-19 14:03:50.065,710, -103, 596, 39, -5, -36, -17, 5, 29, 0, 114,U
2025-02-19 14:03:50.174,782, -137, 597, -32, 1, -20, -17, 3, 29, 399, 109,U
2025-02-19 14:03:50.282,849, 111, 557, 40, -13, 45, -17, 5, 29, 0, 117,U
2025-02-19 14:03:50.388,627, -169, 670, -37, 34, 13, -17, 8, 29, 0, 61,U
2025-02-19 14:03:50.490,832, -59, 624, 7, -6, -2, -17, 7, 29, 0, 62,U
2025-02-19 14:03:50.598,765, -84, 641, -2, 1, 0, -15, 6, 28, 0, 59,U
2025-02-19 14:03:50.703,747, -74, 645, -6, 1, -2, -18, 8, 25, 0, 56,U
2025-02-19 14:03:50.815,753, -100, 634, 1, -1, 0, -17, 8, 27, 0, 56,U
2025-02-19 14:03:50.918,750, -91, 645, -2, -1, -2, -16, 8, 27, 0, 56,U
2025-02-19 14:03:51.027,757, -82, 640, -3, -1, -1, -17, 8, 28, 0, 56,U
2025-02-19 14:03:51.134,754, -90, 644, -2, 0, 0, -16, 6, 27, 0, 55,U
2025-02-19 14:03:51.240,747, -86, 637, -3, 0, -1, -15, 5, 28, 1, 56,U
2025-02-19 14:03:51.351,756, -86, 627, -3, -1, -1, -18, 9, 29, 0, 56,U
2025-02-19 14:03:52.469,747, -75, 642, 3, -2, -3, -17, 5, 27, 0, 61,V
2025-02-19 14:03:52.564,756, -55, 631, 6, -5, -3, -17, 7, 28, 0, 66,V
2025-02-19 14:03:52.669,774, -37, 632, 10, -7, -7, -17, 6, 29, 0, 78,V
2025-02-19 14:03:52.777,740, -11, 631, 10, 3, -9, -17, 5, 26, 0, 86,V
2025-02-19 14:03:52.887,1061, 51, 624, 16, 8, -24, -16, 2, 28, 66, 104,V
2025-02-19 14:03:52.998,882, -108, 776, -32, -10, 57, -16, 3, 28, 0, 103,V
2025-02-19 14:03:53.104,861, 122, 524, 29, -24, -9, -16, 6, 28, 1, 115,V
2025-02-19 14:03:53.211,792, -44, 579, -6, 7, -8, -16, 3, 27, 161, 111,V
2025-02-19 14:03:53.316,512, -182, 682, -30, 21, 34, -16, 7, 27, 0, 49,V
2025-02-19 14:03:53.423,850, 26, 610, 5, -14, -12, -17, 6, 26, 0, 66,V
2025-02-19 14:03:53.530,733, -64, 644, -4, 1, -1, -15, 7, 27, 0, 63,V
2025-02-19 14:03:55.947,741, 28, 647, -1, -1, -2, -18, 3, 25, 0, 88,W
2025-02-19 14:03:56.035,752, 34, 647, 3, -2, 0, -17, 4, 26, 0, 89,W
2025-02-19 14:03:56.147,756, 34, 638, 1, -2, 0, -16, 4, 29, 0, 93,W
2025-02-19 14:03:56.253,756, 35, 639, -1, -1, 0, -18, 3, 27, 0, 94,W
2025-02-19 14:03:56.360,765, 33, 637, 8, -6, 6, -18, 4, 26, 0, 95,W
2025-02-19 14:03:56.470,729, 19, 649, -4, 4, 12, -16, 5, 28, 0, 80,W
2025-02-19 14:03:56.577,761, 14, 636, 1, -3, 0, -17, 6, 28, 0, 83,W
2025-02-19 14:03:56.684,778, 54, 633, 1, -5, -12, -16, 4, 26, 0, 95,W
2025-02-19 14:03:56.794,668, 11, 620, 10, -8, -26, -16, 4, 29, 0, 105,W
2025-02-19 14:03:56.905,933, -71, 747, -29, -15, 39, -17, 2, 26, 0, 103,W
2025-02-19 14:03:57.008,809, 85, 653, 38, -10, 18, -16, 5, 29, 0, 114,W
2025-02-19 14:03:57.118,721, -218, 634, -18, 6, -18, -17, 6, 28, 0, 110,W
2025-02-19 14:03:57.224,868, 178, 576, 13, -30, -3, -17, 8, 28, 0, 119,W
2025-02-19 14:03:57.327,784, 0, 598, 3, 8, 0, -15, 3, 28, 0, 116,W
2025-02-19 14:03:57.437,657, -84, 647, -13, 7, 21, -17, 6, 27, 0, 71,W
2025-02-19 14:03:58.358,754, -15, 633, -1, -5, -1, -16, 6, 28, 0, 81,X
2025-02-19 14:03:58.449,778, -18, 627, 0, -9, -3, -17, 5, 28, 0, 89,X
2025-02-19 14:03:58.555,774, -1, 605, 0, -5, -7, -17, 4, 28, 0, 96,X
2025-02-19 14:03:58.665,802, 50, 571, -10, -6, -11, -14, 4, 31, 0, 116,X
2025-02-19 14:03:58.774,671, -126, 797, -23, 31, 24, -16, 2, 30, 0, 115,X
2025-02-19 14:03:58.879,811, 15, 620, 35, 9, 26, -18, 5, 28, 0, 116,X
2025-02-19 14:03:58.990,576, -141, 703, 7, -10, -46, -18, 3, 28, 0, 82,X
2025-02-19 14:03:59.097,833, 21, 750, -51, -51, 72, -18, 3, 26, 1, 109,X
2025-02-19 14:03:59.202,808, -26, 550, 37, -5, 22, -18, 7, 31, 0, 125,X
2025-02-19 14:03:59.309,591, -161, 673, -25, 31, 3, -16, 8, 27, 0, 59,X
2025-02-19 14:04:00.223,751, -3, 634, 3, 6, -10, -16, 3, 27, 0, 86,Y
2025-02-19 14:04:00.322,743, 15, 668, 1, 1, -6, -17, 4, 27, 2, 88,Y
2025-02-19 14:04:00.431,708, 15, 642, 6, -5, -19, -18, 2, 25, 0, 97,Y
2025-02-19 14:04:00.542,696, 43, 660, -27, -31, 46, -16, 1, 27, 0, 112,Y
2025-02-19 14:04:00.644,1050, 94, 552, 0, 56, -13, -17, 6, 29, 0, 97,Y
2025-02-19 14:04:00.755,766, 400, 548, -24, -25, -2, -16, 3, 28, 0, 114,Y
2025-02-19 14:04:00.861,906, 132, 469, -19, 6, 13, -16, 4, 30, 0, 117,Y
2025-02-19 14:04:00.969,767, 18, 631, -4, -17, 60, -17, 6, 30, 0, 123,Y
2025-02-19 14:04:01.073,811, -21, 551, -29, 63, 10, -16, 7, 27, 0, 82,Y
2025-02-19 14:04:01.893,770, -24, 617, 0, -1, -2, -18, 5, 28, 0, 90,Z
2025-02-19 14:04:01.988,784, -30, 622, 2, 0, -5, -16, 7, 28, 0, 92,Z
2025-02-19 14:04:02.094,773, 0, 618, 4, 4, -6, -16, 3, 29, 44, 94,Z
2025-02-19 14:04:02.203,600, -38, 633, -5, -6, -35, -15, 3, 28, 0, 96,Z
2025-02-19 14:04:02.315,743, 36, 642, -22, -27, 23, -16, 2, 27, 443, 106,Z
2025-02-19 14:04:02.422,782, 172, 638, -24, 16, 30, -16, 6, 29, 0, 109,Z
2025-02-19 14:04:02.524,744, -4, 649, 9, -35, 6, -16, 5, 29, 0, 116,Z
2025-02-19 14:04:02.633,715, 113, 636, -51, 72, -6, -17, 6, 28, 0, 87,Z
2025-02-19 14:04:02.733,817, -119, 331, -37, 9, -11, -18, 5, 29, 0, 109,Z
2025-02-19 14:04:02.848,788, 58, 717, 22, 4, 41, -16, 3, 29, 0, 109,Z
2025-02-19 14:04:02.953,656, -103, 675, 10, -9, -8, -16, 6, 26, 0, 59,Z
2025-02-19 14:04:04.064,783, -28, 621, -1, -3, 5, -17, 6, 27, 0, 82,a
2025-02-19 14:04:04.166,748, -76, 622, 7, -7, 3, -16, 6, 28, 0, 85,a
2025-02-19 14:04:04.277,705, -41, 624, 21, -28, -9, -16, 5, 29, 0, 115,a
2025-02-19 14:04:04.388,696, -140, 610, -22, 16, -35, -17, 5, 29, 0, 118,a
2025-02-19 14:04:04.495,845, 145, 588, 14, -39, 62, -18, 6, 29, 0, 116,a
2025-02-19 14:04:04.601,732, -183, 569, -2, 9, -36, -18, 6, 29, 0, 116,a
2025-02-19 14:04:04.707,837, 105, 530, 16, -23, 52, -15, 7, 31, 0, 121,a
2025-02-19 14:04:04.813,686, -169, 651, -25, 43, -1, -17, 7, 29, 0, 62,a
2025-02-19 14:04:05.626,744, -11, 621, 0, 0, -8, -16, 6, 30, 0, 77,b
2025-02-19 14:04:05.723,781, 8, 618, 6, -7, -7, -16, 3, 27, 0, 88,b
2025-02-19 14:04:05.829,770, 20, 604, 7, 0, -9, -17, 5, 29, 0, 99,b
2025-02-19 14:04:05.940,813, -16, 587, -9, 0, -11, -17, 4, 28, 0, 107,b
2025-02-19 14:04:06.047,785, 171, 574, 15, -11, 40, -17, 5, 27, 0, 113,b
2025-02-19 14:04:06.157,879, -97, 494, -8, 3, -27, -17, 5, 28, 0, 107,b
2025-02-19 14:04:06.263,706, 80, 656, 11, -13, 47, -16, 4, 30, 0, 113,b
2025-02-19 14:04:06.363,810, 3, 544, -32, 47, 27, -16, 7, 26, 0, 74,b
2025-02-19 14:04:06.477,733, -57, 678, 14, -28, -5, -15, 9, 28, 0, 65,b
2025-02-19 14:04:07.297,775, -31, 616, 2, -3, -2, -16, 6, 29, 0, 83,c
2025-02-19 14:04:07.389,791, -14, 611, 6, -12, -8, -16, 6, 27, 0, 94,c
2025-02-19 14:04:07.501,755, -41, 617, -2, -1, -1, -16, 5, 29, 0, 98,c
2025-02-19 14:04:07.608,760, -16, 615, 5, -9, -6, -16, 6, 28, 1, 108,c
2025-02-19 14:04:07.718,756, -84, 622, -21, 18, -19, -17, 5, 29, 0, 116,c
2025-02-19 14:04:07.814,802, 95, 550, 35, -16, 35, -16, 6, 28, 0, 118,c
2025-02-19 14:04:07.930,1022, 47, 603, -16, 51, 17, -16, 6, 27, 0, 95,c
2025-02-19 14:04:08.037,685, -107, 660, -3, -8, -12, -16, 9, 28, 0, 57,c
2025-02-19 14:04:08.953,767, -44, 614, -1, -2, -2, -17, 6, 27, 0, 81,d
2025-02-19 14:04:09.049,774, -43, 613, 1, -3, -2, -16, 5, 28, 0, 84,d
2025-02-19 14:04:09.155,793, -23, 602, 2, -3, -4, -16, 8, 29, 0, 89,d
2025-02-19 14:04:09.262,774, -21, 605, 1, -5, -4, -17, 6, 29, 0, 93,d
2025-02-19 14:04:09.368,786, -14, 601, 1, -2, -1, -17, 6, 28, 0, 99,d
2025-02-19 14:04:09.479,795, -22, 594, 0, -4, -4, -16, 5, 30, 0, 104,d
2025-02-19 14:04:09.586,771, -20, 593, 0, -5, -4, -16, 6, 29, 0, 110,d
2025-02-19 14:04:09.683,794, -11, 597, -1, -3, -3, -18, 6, 29, 0, 117,d
2025-02-19 14:04:09.803,778, -56, 610, -18, 2, -17, -17, 5, 30, 0, 118,d
2025-02-19 14:04:09.910,944, -65, 554, -14, -2, 34, -19, 6, 28, 0, 114,d
2025-02-19 14:04:10.015,746, 58, 528, 21, -3, -37, -17, 6, 29, 0, 120,d
2025-02-19 14:04:10.124,804, -135, 483, -38, 4, -25, -17, 3, 31, 0, 114,d
2025-02-19 14:04:10.229,844, 91, 521, 50, -7, 33, -15, 6, 30, 0, 119,d
2025-02-19 14:04:10.340,558, -204, 704, -38, 39, 12, -17, 7, 27, 0, 50,d
2025-02-19 14:04:11.253,770, -52, 625, 3, -5, 2, -16, 7, 26, 0, 66,e
2025-02-19 14:04:11.347,765, -49, 622, 3, -4, 0, -16, 8, 31, 0, 70,e
2025-02-19 14:04:11.453,799, -50, 622, 2, -3, -4, -16, 7, 27, 0, 80,e
2025-02-19 14:04:11.563,738, -56, 624, -4, 5, -9, -17, 6, 27, 0, 90,e
2025-02-19 14:04:11.674,828, -82, 417, 4, 14, -10, -16, 6, 30, 0, 117,e
2025-02-19 14:04:11.781,765, -7, 632, -1, -16, -9, -16, 5, 28, 1, 123,e
2025-02-19 14:04:11.888,867, -26, 544, -8, 18, 4, -16, 5, 28, 0, 118,e
2025-02-19 14:04:11.994,794, -39, 584, 30, -16, 11, -18, 7, 30, 0, 126,e
2025-02-19 14:04:12.103,604, -166, 670, -36, 40, 20, -16, 8, 27, 1, 54,e
2025-02-19 14:04:13.116,775, -62, 619, 6, -5, 0, -17, 11, 30, 0, 71,f
2025-02-19 14:04:13.215,783, -57, 619, 3, -3, 2, -16, 7, 27, 0, 77,f
2025-02-19 14:04:13.313,774, -66, 620, 9, -8, -1, -17, 6, 28, 0, 84,f
2025-02-19 14:04:13.432,1172, 138, 611, -4, 6, -2, -17, 8, 29, 0, 125,f
2025-02-19 14:04:13.537,824, -202, 578, -31, -3, -63, -16, 3, 29, 0, 120,f
2025-02-19 14:04:13.644,795, 39, 677, 4, -11, 37, -18, 4, 31, 0, 114,f
2025-02-19 14:04:13.754,647, -128, 530, 16, -32, -34, -16, 5, 29, 0, 112,f
2025-02-19 14:04:13.861,696, -63, 645, 20, -31, 21, -17, 2, 29, 0, 119,f
2025-02-19 14:04:13.968,843, 14, 503, -48, 63, 31, -16, 5, 29, 0, 81,f
2025-02-19 14:04:14.075,735, -64, 624, 14, -19, -11, -15, 7, 29, 0, 68,f
2025-02-19 14:04:14.988,781, -39, 619, 1, -2, 0, -16, 5, 29, 0, 79,g
2025-02-19 14:04:15.087,791, -42, 609, 0, -2, -1, -16, 7, 29, 0, 81,g
2025-02-19 14:04:15.194,778, -51, 583, 6, -8, 1, -16, 6, 30, 0, 88,g
2025-02-19 14:04:15.303,910, 33, 684, -5, -5, -15, -15, 6, 29, 0, 122,g
2025-02-19 14:04:15.413,866, -50, 500, -30, 17, -11, -16, 4, 28, 0, 118,g
2025-02-19 14:04:15.518,726, -62, 578, 26, -2, -31, -16, 7, 29, 0, 122,g
2025-02-19 14:04:15.627,784, -106, 656, -26, -10, 28, -17, 5, 30, 0, 118,g
2025-02-19 14:04:15.734,762, -118, 481, 28, 44, -1, -18, 7, 29, 0, 131,g
2025-02-19 14:04:15.840,723, -110, 666, -11, 27, 5, -16, 7, 26, 0, 61,g
2025-02-19 14:04:16.753,774, -43, 615, 2, -3, -5, -16, 6, 29, 0, 78,h
2025-02-19 14:04:16.850,767, -31, 615, 4, -4, -5, -16, 6, 27, 0, 82,h
2025-02-19 14:04:16.963,770, -5, 617, 10, -4, -17, -17, 6, 28, 0, 101,h
2025-02-19 14:04:17.068,813, 5, 575, -1, 10, -20, -15, 3, 29, 0, 114,h
2025-02-19 14:04:17.176,868, 121, 713, -13, -8, 76, -17, 3, 28, 0, 111,h
2025-02-19 14:04:17.281,776, 35, 500, 5, -2, -43, -17, 5, 27, 0, 113,h
2025-02-19 14:04:17.394,734, -11, 676, -13, -12, 33, -17, 3, 29, 0, 114,h
2025-02-19 14:04:17.500,1037, 14, 500, 26, 35, 10, -17, 8, 28, 0, 106,h
2025-02-19 14:04:17.605,527, -167, 729, 18, -5, -6, -16, 9, 26, 187, 51,h
2025-02-19 14:04:19.623,736, -26, 645, 0, -6, -4, -16, 8, 26, 753, 9,i
2025-02-19 14:04:19.713,769, -3, 623, 5, -3, 0, -16, 9, 27, 759, 10,i
2025-02-19 14:04:19.825,771, -5, 626, 2, -1, -1, -16, 9, 27, 774, 10,i
2025-02-19 14:04:19.932,761, 4, 627, 1, -4, -2, -16, 9, 26, 777, 10,i
2025-02-19 14:04:20.038,777, 13, 626, -5, 0, -4, -17, 6, 25, 779, 10,i
2025-02-19 14:04:20.143,750, -8, 642, -8, -2, -2, -15, 7, 27, 770, 10,i
2025-02-19 14:04:20.255,768, -11, 638, -7, -9, -2, -15, 9, 25, 680, 10,i
2025-02-19 14:04:20.366,814, -26, 598, -3, -14, -6, -16, 8, 28, 435, 10,i
2025-02-19 14:04:20.464,765, 7, 596, -9, 5, -6, -16, 7, 29, 0, 10,i
2025-02-19 14:04:20.575,813, 22, 558, -3, 4, -7, -17, 7, 27, 0, 104,i
2025-02-19 14:04:20.685,815, -5, 598, 2, -3, -13, -16, 8, 26, 16, 106,i
2025-02-19 14:04:20.792,762, -51, 570, -40, -2, -13, -16, 5, 30, 1, 119,i
2025-02-19 14:04:20.893,884, 105, 567, 29, -7, 18, -17, 8, 28, 0, 124,i
2025-02-19 14:04:21.010,920, 351, 487, -71, -29, -15, -16, 3, 29, 0, 122,i
2025-02-19 14:04:21.109,924, 49, 595, -40, 69, 37, -15, 2, 29, 75, 88,i
2025-02-19 14:04:21.222,695, -49, 670, 38, -27, 1, -17, 9, 27, 406, 61,i
2025-02-19 14:04:22.237,776, -8, 609, 2, -6, 3, -16, 8, 28, 627, 88,j
2025-02-19 14:04:22.332,808, 4, 597, 0, -4, 1, -16, 6, 29, 590, 98,j
2025-02-19 14:04:22.442,748, -5, 608, 2, -5, -12, -17, 6, 30, 582, 102,j
2025-02-19 14:04:22.554,798, -54, 578, -22, 5, -15, -16, 5, 29, 555, 115,j
2025-02-19 14:04:22.655,835, 117, 549, 8, -13, 42, -16, 7, 29, 0, 130,j
2025-02-19 14:04:22.766,659, -128, 588, -43, -4, -52, -17, 4, 29, 0, 99,j
2025-02-19 14:04:22.869,855, 6, 557, 33, 3, 27, -17, 3, 28, 127, 115,j
2025-02-19 14:04:22.975,535, -133, 708, -21, 17, 21, -16, 8, 27, 0, 56,j
2025-02-19 14:04:23.086,878, 8, 572, 22, -19, -4, -16, 6, 30, 0, 82,j
2025-02-19 14:04:23.188,768, -14, 610, 6, -5, 1, -16, 6, 29, 0, 87,j
2025-02-19 14:04:24.211,767, 39, 625, -1, 1, -5, -17, 5, 29, 486, 90,k
2025-02-19 14:04:24.310,862, 151, 609, -6, -8, -8, -17, 3, 28, 512, 112,k
2025-02-19 14:04:24.417,815, 163, 594, -18, -17, 64, -17, 5, 29, 0, 117,k
2025-02-19 14:04:24.523,980, 29, 468, -5, 26, -24, -17, 8, 29, 0, 109,k
2025-02-19 14:04:24.626,795, 32, 536, -11, 0, 5, -16, 4, 29, 0, 120,k
2025-02-19 14:04:24.736,882, -10, 424, -5, 8, -6, -16, 7, 29, 0, 121,k
2025-02-19 14:04:24.842,776, 15, 591, 16, -18, 21, -16, 6, 31, 0, 130,k
2025-02-19 14:04:24.949,697, -106, 648, -16, 48, 2, -17, 7, 27, 0, 67,k
2025-02-19 14:04:25.863,779, 21, 604, -2, 1, -8, -17, 6, 27, 0, 98,l
2025-02-19 14:04:25.965,763, 18, 600, 5, -6, -13, -16, 4, 29, 0, 108,l
2025-02-19 14:04:26.071,781, 22, 625, -4, -1, -13, -17, 4, 28, 0, 112,l
2025-02-19 14:04:26.181,808, -140, 685, -26, 2, 24, -18, 2, 29, 0, 113,l
2025-02-19 14:04:26.284,809, 31, 618, 32, 4, 20, -16, 5, 30, 0, 123,l
2025-02-19 14:04:26.395,602, -145, 680, -22, 29, 7, -18, 8, 26, 0, 61,l
2025-02-19 14:04:26.502,784, -52, 613, 14, -19, -11, -16, 7, 29, 0, 70,l
2025-02-19 14:04:27.313,778, -1, 616, 1, -3, 0, -16, 6, 28, 353, 92,m
2025-02-19 14:04:27.415,772, 10, 611, 5, -1, -3, -18, 6, 30, 435, 95,m
2025-02-19 14:04:27.525,712, -40, 620, 15, -17, -10, -17, 3, 28, 562, 114,m
2025-02-19 14:04:27.632,791, -40, 649, -13, -3, 32, -17, 6, 28, 120, 114,m
2025-02-19 14:04:27.739,813, 63, 515, -1, -6, -33, -17, 6, 30, 78, 116,m
2025-02-19 14:04:27.849,774, 7, 675, -20, -11, 10, -18, 3, 29, 311, 114,m
2025-02-19 14:04:27.951,808, -6, 553, 26, -2, 14, -18, 5, 30, 0, 118,m
2025-02-19 14:04:28.062,735, -90, 681, -39, -7, -11, -17, 3, 31, 168, 116,m
2025-02-19 14:04:28.163,899, 30, 550, 41, -10, 30, -16, 6, 30, 0, 123,m
2025-02-19 14:04:28.275,538, -192, 695, -13, 23, 11, -17, 7, 27, 0, 53,m
2025-02-19 14:04:29.192,768, -32, 619, 2, 3, -6, -16, 5, 29, 220, 77,n
2025-02-19 14:04:29.288,761, -26, 613, 6, 2, -7, -17, 6, 29, 472, 82,n
2025-02-19 14:04:29.397,711, -23, 599, 7, -5, -18, -17, 6, 29, 529, 89,n
2025-02-19 14:04:29.504,774, -68, 670, -22, 4, 10, -17, 3, 28, 275, 112,n
2025-02-19 14:04:29.611,792, -29, 612, 27, -1, 13, -15, 7, 29, 0, 117,n
2025-02-19 14:04:29.721,695, -96, 693, -34, -25, -7, -16, 5, 31, 0, 113,n
2025-02-19 14:04:29.824,840, 41, 522, 47, -8, 43, -17, 5, 29, 0, 123,n
2025-02-19 14:04:29.934,760, -39, 572, -35, 59, 18, -17, 7, 28, 0, 68,n
2025-02-19 14:04:30.041,729, -88, 621, 10, -21, -12, -16, 8, 30, 0, 57,n
2025-02-19 14:04:30.858,784, -29, 616, 0, -2, -3, -17, 6, 27, 0, 77,o
2025-02-19 14:04:30.954,799, -60, 568, 2, -17, -9, -16, 6, 31, 0, 92,o
2025-02-19 14:04:31.057,795, 9, 583, 4, -5, 3, -15, 6, 29, 3, 108,o
2025-02-19 14:04:31.171,794, 35, 563, -15, 5, -21, -17, 4, 30, 0, 124,o
2025-02-19 14:04:31.277,957, 116, 499, 10, -1, 41, -16, 4, 29, 0, 117,o
2025-02-19 14:04:31.389,723, -91, 637, -11, -10, -53, -18, 4, 29, 257, 121,o
2025-02-19 14:04:31.491,837, 69, 569, -51, 60, 58, -17, 4, 29, 0, 9,o
2025-02-19 14:04:31.597,669, -113, 649, 14, -14, 2, -16, 7, 27, 0, 10,o
2025-02-19 14:04:32.813,778, -36, 614, 0, -3, 0, -17, 6, 29, 0, 9,p
2025-02-19 14:04:32.908,791, -27, 603, 0, -3, 2, -17, 7, 30, 0, 9,p
2025-02-19 14:04:33.018,785, -31, 604, 0, -1, 0, -16, 6, 26, 0, 10,p
2025-02-19 14:04:33.123,750, -42, 603, 6, -2, -13, -17, 6, 28, 0, 9,p
2025-02-19 14:04:33.234,803, -51, 533, -19, 5, -11, -17, 5, 30, 60, 9,p
2025-02-19 14:04:33.341,870, 153, 525, 44, -3, 38, -17, 8, 28, 0, 10,p
2025-02-19 14:04:33.452,865, -190, 505, -9, -4, -37, -16, 7, 27, 659, 10,p
2025-02-19 14:04:33.551,695, 34, 728, 2, -7, 57, -17, 4, 30, 0, 9,p
2025-02-19 14:04:33.661,1002, 56, 541, -46, 57, 24, -18, 7, 27, 0, 10,p
2025-02-19 14:04:33.772,661, -93, 653, 15, -36, -12, -16, 7, 27, 0, 67,p
2025-02-19 14:04:34.783,805, -13, 580, 0, -2, -1, -17, 6, 29, 0, 96,q
2025-02-19 14:04:34.877,809, -13, 583, 1, -3, -1, -17, 7, 29, 0, 100,q
2025-02-19 14:04:34.990,881, 19, 615, -12, -2, -18, -16, 6, 30, 0, 119,q
2025-02-19 14:04:35.099,893, 66, 567, -7, 3, 36, -16, 4, 29, 1, 116,q
2025-02-19 14:04:35.205,766, -72, 604, 1, 0, -41, -17, 6, 30, 0, 118,q
2025-02-19 14:04:35.316,897, 95, 517, -11, -17, 48, -15, 7, 30, 0, 121,q
2025-02-19 14:04:35.422,843, -119, 567, 16, -1, -14, -16, 7, 29, 2, 122,q
2025-02-19 14:04:35.524,449, -225, 677, -9, 6, 1, -16, 10, 29, 0, 46,q
2025-02-19 14:04:36.343,809, -21, 604, 4, -5, -1, -16, 6, 29, 0, 82,r
2025-02-19 14:04:36.436,796, -11, 613, 9, 0, -9, -16, 8, 28, 0, 89,r
2025-02-19 14:04:36.549,888, -8, 634, -8, -2, -17, -17, 5, 29, 0, 115,r
2025-02-19 14:04:36.656,818, 156, 578, -10, -15, 41, -16, 5, 30, 0, 118,r
2025-02-19 14:04:36.766,877, -60, 625, -14, -3, -47, -18, 5, 30, 0, 118,r
2025-02-19 14:04:36.873,1067, 222, 585, -39, 75, 50, -16, 4, 30, 1, 88,r
2025-02-19 14:04:36.979,704, -72, 614, 9, -24, -13, -16, 5, 28, 0, 59,r
2025-02-19 14:04:37.793,790, -22, 596, 1, -6, -3, -18, 8, 29, 0, 86,s
2025-02-19 14:04:37.892,798, -11, 590, 2, -3, -1, -15, 4, 28, 0, 91,s
2025-02-19 14:04:37.996,788, -14, 602, 0, -3, -3, -17, 6, 27, 0, 94,s
2025-02-19 14:04:38.106,788, -22, 572, -6, -4, -9, -18, 6, 31, 0, 100,s
2025-02-19 14:04:38.212,817, -18, 574, 7, -3, 7, -16, 3, 29, 0, 103,s
2025-02-19 14:04:38.319,765, -27, 597, -1, 2, 3, -18, 6, 29, 0, 97,s
2025-02-19 14:04:38.424,850, 3, 556, -7, 4, 1, -17, 7, 30, 0, 100,s
2025-02-19 14:04:38.533,797, -12, 567, 6, -8, 1, -16, 6, 28, 0, 105,s
2025-02-19 14:04:38.639,811, 14, 548, -3, -3, -13, -17, 6, 30, 0, 126,s
2025-02-19 14:04:38.752,922, -27, 415, -23, 10, -15, -18, 5, 30, 0, 126,s
2025-02-19 14:04:38.856,753, 0, 673, 38, -22, 39, -17, 6, 30, 0, 130,s
2025-02-19 14:04:38.963,720, -29, 510, -66, 92, 49, -18, 8, 29, 0, 63,s
2025-02-19 14:04:39.073,734, -92, 650, 26, -35, -23, -15, 10, 28, 0, 53,s
2025-02-19 14:04:39.889,776, -40, 612, 3, -3, -3, -18, 8, 28, 0, 67,t
2025-02-19 14:04:39.985,781, -34, 604, 4, -3, -1, -18, 9, 29, 0, 71,t
2025-02-19 14:04:40.088,791, -29, 606, 0, -2, -2, -16, 6, 29, 1, 73,t
2025-02-19 14:04:40.193,788, -21, 610, 4, -3, -3, -18, 8, 29, 0, 75,t
2025-02-19 14:04:40.308,791, -17, 605, -3, -1, -6, -18, 7, 29, 0, 78,t
2025-02-19 14:04:40.413,786, -43, 582, 16, -11, -1, -17, 6, 29, 66, 80,t
2025-02-19 14:04:40.522,791, -16, 605, -2, -1, -4, -18, 6, 30, 509, 82,t
2025-02-19 14:04:40.628,785, -10, 597, 1, -3, -3, -17, 5, 28, 422, 85,t
2025-02-19 14:04:40.738,726, -46, 593, 1, -7, -7, -16, 5, 29, 259, 91,t
2025-02-19 14:04:40.849,741, 19, 584, -4, -13, -20, -17, 5, 31, 290, 114,t
2025-02-19 14:04:40.952,685, -386, 696, -40, 29, 2, -17, 4, 30, 0, 120,t
2025-02-19 14:04:41.056,798, 13, 580, 58, -10, 14, -16, 7, 29, 0, 124,t
2025-02-19 14:04:41.169,1521, -124, 672, -15, -2, -34, -16, 4, 30, 0, 119,t
2025-02-19 14:04:41.275,750, -37, 632, 15, -9, 16, -17, 4, 29, 167, 119,t
2025-02-19 14:04:41.382,632, -108, 647, -10, 7, 0, -16, 6, 29, 0, 73,t
2025-02-19 14:04:41.484,855, 7, 585, 0, -2, 0, -16, 5, 30, 0, 88,t
2025-02-19 14:04:41.591,782, -26, 599, 2, -2, 1, -17, 6, 29, 0, 83,t
2025-02-19 14:04:41.701,800, -33, 596, 2, -3, -3, -17, 6, 30, 0, 86,t
2025-02-19 14:04:41.804,814, -6, 585, 3, -3, 0, -16, 6, 30, 0, 94,t
2025-02-19 14:04:41.914,818, -17, 577, 2, -1, -1, -18, 6, 30, 0, 99,t
2025-02-19 14:04:42.021,795, -13, 588, -2, 0, -1, -18, 5, 30, 0, 96,t
2025-02-19 14:04:42.123,813, -4, 584, -3, 0, 0, -15, 6, 29, 0, 95,t
2025-02-19 14:04:42.237,807, -15, 581, 0, -1, -2, -18, 7, 30, 0, 95,t
2025-02-19 14:04:43.253,790, -16, 590, 0, -1, 0, -16, 5, 31, 0, 83,u
2025-02-19 14:04:43.348,796, -15, 592, 0, -1, 0, -17, 5, 28, 1, 84,u
2025-02-19 14:04:43.455,800, -13, 593, 0, -1, 0, -16, 8, 30, 0, 85,u
2025-02-19 14:04:43.564,801, -10, 589, 0, 0, -1, -16, 6, 31, 0, 85,u
2025-02-19 14:04:43.671,916, 76, 559, -6, 13, 9, -16, 5, 28, 0, 83,u
2025-02-19 14:04:43.778,688, -78, 647, 3, 3, 8, -18, 8, 28, 250, 61,u
2025-02-19 14:04:43.888,778, -33, 610, -4, 0, 0, -15, 8, 29, 128, 63,u
2025-02-19 14:04:43.993,780, -32, 614, 7, -7, -4, -16, 6, 28, 0, 73,u
2025-02-19 14:04:44.097,789, -60, 595, 2, 3, 1, -16, 7, 29, 0, 80,u
2025-02-19 14:04:44.204,785, -41, 607, -2, -1, 1, -17, 6, 27, 3, 87,u
2025-02-19 14:04:44.314,759, 5, 613, 1, -6, -14, -17, 7, 29, 0, 95,u
2025-02-19 14:04:44.425,821, -109, 459, -30, 15, -13, -18, 4, 29, 0, 119,u
2025-02-19 14:04:44.532,873, -1, 504, 35, -20, -15, -17, 7, 30, 0, 128,u
2025-02-19 14:04:44.637,749, 58, 735, -13, 21, 26, -18, 4, 30, 0, 122,u
2025-02-19 14:04:44.745,894, 24, 555, -44, 66, 21, -17, 6, 30, 0, 90,u
2025-02-19 14:04:44.853,689, -94, 634, 10, -22, -20, -16, 8, 28, 0, 64,u
2025-02-19 14:04:44.953,846, 0, 565, -5, 1, 2, -18, 6, 29, 0, 85,u
2025-02-19 14:04:45.064,800, -29, 585, -4, 1, 1, -16, 7, 30, 0, 83,u
2025-02-19 14:04:45.171,787, -47, 594, -2, 1, 0, -17, 7, 30, 1, 79,u
2025-02-19 14:04:45.277,795, -34, 610, 5, -1, 0, -17, 9, 30, 0, 79,u
2025-02-19 14:04:45.387,810, -34, 592, -3, 0, -1, -16, 6, 30, 1, 79,u
2025-02-19 14:04:45.494,796, -34, 600, -3, -1, -1, -16, 8, 30, 0, 77,u
2025-02-19 14:04:45.600,795, -48, 595, 1, -2, -2, -16, 7, 29, 0, 79,u
2025-02-19 14:04:46.613,795, -35, 600, 1, -2, -1, -15, 7, 27, 0, 79,v
2025-02-19 14:04:46.714,792, -26, 601, 3, -2, -1, -16, 7, 29, 0, 82,v
2025-02-19 14:04:46.821,795, -31, 595, -1, 0, -2, -16, 7, 30, 0, 82,v
2025-02-19 14:04:46.928,790, -15, 596, 1, -1, -1, -18, 6, 29, 0, 83,v
2025-02-19 14:04:47.037,791, -20, 600, 0, -1, -2, -17, 6, 30, 0, 83,v
2025-02-19 14:04:47.137,800, 6, 599, 9, 3, -6, -15, 6, 30, 0, 88,v
2025-02-19 14:04:47.243,705, -145, 617, 14, -3, 9, -16, 7, 27, 0, 69,v
2025-02-19 14:04:47.357,767, 6, 630, 0, 2, 5, -15, 6, 28, 103, 74,v
2025-02-19 14:04:47.464,792, -4, 614, 5, -3, -5, -17, 7, 29, 37, 80,v
2025-02-19 14:04:47.569,782, -4, 589, 3, -1, -4, -17, 8, 29, 0, 88,v
2025-02-19 14:04:47.681,829, 30, 586, -1, 5, -13, -17, 5, 29, 0, 92,v
2025-02-19 14:04:47.784,798, 12, 610, -4, -4, 6, -16, 4, 29, 7, 94,v
2025-02-19 14:04:47.894,792, 65, 586, 4, -2, -5, -17, 7, 29, 0, 97,v
2025-02-19 14:04:48.000,814, 1, 573, -8, 2, -8, -17, 5, 29, 0, 119,v
2025-02-19 14:04:48.111,813, 289, 542, 28, -4, 19, -15, 4, 28, 0, 128,v
2025-02-19 14:04:48.217,826, 72, 565, -20, 9, -11, -15, 6, 30, 18, 120,v
2025-02-19 14:04:48.324,621, -111, 648, 6, -7, 3, -16, 7, 28, 0, 78,v
2025-02-19 14:04:49.336,795, -7, 601, 1, -1, -1, -16, 7, 29, 0, 93,w
2025-02-19 14:04:49.434,790, -1, 598, 3, 2, -2, -17, 6, 30, 0, 95,w
2025-02-19 14:04:49.543,777, 27, 614, 5, 3, -6, -15, 5, 29, 173, 98,w
2025-02-19 14:04:49.653,877, 25, 637, -4, -2, -16, -17, 6, 26, 369, 113,w
2025-02-19 14:04:49.762,781, 152, 604, -9, -19, 43, -17, 6, 28, 0, 118,w
2025-02-19 14:04:49.869,782, -106, 612, -20, -5, -36, -17, 6, 29, 111, 119,w
2025-02-19 14:04:49.973,817, 22, 566, -3, -21, 56, -18, 7, 29, 0, 123,w
2025-02-19 14:04:50.087,843, -136, 553, -12, -3, -52, -16, 6, 31, 0, 127,w
2025-02-19 14:04:50.188,713, -18, 587, -29, 41, 24, -17, 9, 30, 0, 80,w
2025-02-19 14:04:50.297,818, -35, 574, 14, -21, -10, -16, 7, 30, 0, 85,w
2025-02-19 14:04:51.314,819, -10, 563, 2, 0, 0, -17, 5, 29, 0, 104,x
2025-02-19 14:04:51.408,814, -12, 571, 2, -2, -1, -16, 6, 29, 0, 107,x
2025-02-19 14:04:51.515,814, 0, 566, 0, -2, 0, -18, 6, 31, 0, 109,x
2025-02-19 14:04:51.621,811, -6, 568, 0, -2, 0, -15, 6, 29, 0, 110,x
2025-02-19 14:04:51.732,817, -3, 569, 2, -2, -1, -16, 7, 30, 0, 113,x
2025-02-19 14:04:51.839,865, 30, 555, 13, 2, 9, -18, 6, 31, 0, 112,x
2025-02-19 14:04:51.949,722, -37, 626, -11, 12, 3, -17, 8, 28, 58, 79,x
2025-02-19 14:04:52.052,783, -48, 603, 2, -8, -2, -17, 7, 27, 0, 84,x
2025-02-19 14:04:52.153,924, 45, 523, 7, -5, -2, -15, 7, 30, 3, 116,x
2025-02-19 14:04:52.268,832, 2, 550, -14, -1, -14, -17, 7, 30, 0, 127,x
2025-02-19 14:04:52.375,936, 154, 379, 19, 13, 41, -17, 5, 30, 0, 130,x
2025-02-19 14:04:52.486,812, -289, 717, 11, 4, -31, -17, 6, 30, 0, 120,x
2025-02-19 14:04:52.592,821, 52, 592, 31, -25, 51, -16, 7, 30, 0, 134,x
2025-02-19 14:04:52.699,680, -185, 612, -31, 59, 11, -14, 8, 28, 0, 61,x
2025-02-19 14:04:53.514,786, -54, 605, 0, -1, -2, -16, 7, 28, 0, 70,y
2025-02-19 14:04:53.612,782, -45, 607, 2, -3, -2, -16, 8, 29, 0, 72,y
2025-02-19 14:04:53.719,791, -40, 595, 2, -2, -1, -16, 6, 27, 0, 74,y
2025-02-19 14:04:53.823,787, -40, 602, -10, 10, -6, -16, 8, 31, 0, 73,y
2025-02-19 14:04:53.923,796, -48, 595, 2, -4, -5, -16, 8, 29, 0, 73,y
2025-02-19 14:04:54.038,816, 29, 583, 7, -10, 4, -17, 6, 29, 0, 81,y
2025-02-19 14:04:54.145,811, -9, 592, -2, 0, -1, -16, 7, 30, 0, 85,y
2025-02-19 14:04:54.254,790, -20, 596, -3, 2, -3, -16, 8, 30, 0, 86,y
2025-02-19 14:04:54.354,791, -40, 591, 6, -6, -4, -16, 8, 29, 0, 92,y
2025-02-19 14:04:54.468,733, -11, 626, 4, -1, -12, -16, 6, 29, 0, 97,y
2025-02-19 14:04:54.578,840, -112, 436, -42, 7, -26, -17, 5, 29, 0, 126,y
2025-02-19 14:04:54.684,909, 94, 492, 37, -15, -2, -19, 7, 30, 0, 128,y
2025-02-19 14:04:54.786,844, -55, 594, -54, 4, 15, -17, 3, 30, 51, 120,y
2025-02-19 14:04:54.894,836, -18, 422, 57, 27, 8, -16, 9, 30, 0, 135,y
2025-02-19 14:04:55.009,560, -140, 736, -26, 24, 15, -15, 8, 26, 0, 51,y
2025-02-19 14:04:56.023,787, -41, 605, 2, -5, 0, -16, 7, 27, 0, 76,z
2025-02-19 14:04:56.118,776, -42, 600, 4, -8, -4, -17, 7, 27, 0, 83,z
2025-02-19 14:04:56.225,796, -8, 577, 3, -11, -8, -17, 9, 29, 0, 99,z
2025-02-19 14:04:56.334,727, 18, 600, -20, 20, -27, -16, 7, 28, 0, 96,z
2025-02-19 14:04:56.443,904, -15, 436, 11, 6, -23, -16, 4, 28, 0, 118,z
2025-02-19 14:04:56.549,748, 34, 629, -12, 2, 35, -16, 6, 32, 0, 10,z
2025-02-19 14:04:56.656,833, 91, 631, 6, -42, 10, -16, 6, 29, 0, 10,z
2025-02-19 14:04:56.753,1022, 42, 598, -25, 76, -7, -17, 7, 29, 0, 10,z
2025-02-19 14:04:56.868,908, 0, 571, -33, -28, 2, -19, 8, 30, 0, 119,z
2025-02-19 14:04:56.975,853, 42, 616, 3, -1, 23, -18, 6, 29, 0, 10,z
2025-02-19 14:04:57.085,673, -68, 631, 11, -5, -1, -16, 9, 27, 0, 9,z
2025-02-19 14:04:57.191,824, -18, 577, -13, 6, -1, -16, 6, 29, 0, 9,z
2025-02-19 14:04:57.294,788, -32, 593, 4, -4, 2, -16, 7, 28, 0, 9,z
2025-02-19 14:04:57.403,786, -48, 599, 0, -3, 2, -17, 7, 29, 0, 72,z
2025-02-19 14:04:57.503,797, -59, 588, 2, -3, 2, -16, 7, 29, 0, 74,z
2025-02-19 14:04:57.618,811, -31, 592, 2, -2, 0, -16, 8, 29, 1, 77,z
2025-02-19 14:04:58.338,806, -43, 588, 2, -1, -1, -17, 9, 30, 0, 76,0
2025-02-19 14:04:58.433,782, -36, 595, 1, -1, -1, -17, 7, 29, 0, 74,0
2025-02-19 14:04:58.539,802, -39, 596, -1, 0, -1, -18, 9, 29, 0, 75,0
2025-02-19 14:04:58.646,797, -37, 589, 0, -1, 0, -17, 9, 29, 0, 76,0
2025-02-19 14:04:58.757,800, -29, 585, 2, -2, -2, -15, 6, 29, 0, 76,0
2025-02-19 14:04:58.863,793, -21, 593, 1, -2, -4, -17, 8, 30, 0, 77,0
2025-02-19 14:04:58.966,799, -9, 597, -2, -1, -7, -18, 7, 31, 0, 80,0
2025-02-19 14:04:59.073,832, -10, 549, -20, 3, -8, -16, 6, 29, 0, 79,0
2025-02-19 14:04:59.181,746, -55, 644, 10, -6, 2, -17, 6, 31, 0, 77,0
2025-02-19 14:04:59.284,829, 8, 567, 3, 5, -1, -17, 7, 29, 0, 88,0
2025-02-19 14:04:59.399,797, 10, 585, -3, -1, -5, -16, 5, 30, 0, 89,0
2025-02-19 14:04:59.502,758, -7, 618, 1, -3, 1, -17, 6, 29, 0, 89,0
2025-02-19 14:04:59.608,809, 0, 570, 1, -1, -3, -18, 6, 30, 1, 95,0
2025-02-19 14:04:59.717,811, 19, 589, -6, -4, -6, -16, 5, 30, 0, 94,0
2025-02-19 14:04:59.823,786, 27, 580, -1, -1, -6, -17, 4, 30, 0, 94,0
2025-02-19 14:04:59.932,793, 21, 593, 0, -7, -6, -17, 4, 29, 67, 96,0
2025-02-19 14:05:00.043,821, 115, 509, -13, -6, -19, -17, 3, 30, 193, 130,0
2025-02-19 14:05:00.149,984, 74, 525, -23, 21, 65, -17, 3, 29, 0, 119,0
2025-02-19 14:05:00.255,665, 3, 747, 19, -21, -47, -18, 6, 30, 0, 130,0
2025-02-19 14:05:00.367,905, -25, 478, -20, 16, -13, -16, 2, 30, 0, 121,0
2025-02-19 14:05:00.468,595, -53, 621, -8, 11, 27, -15, 5, 28, 0, 59,0
2025-02-19 14:05:01.383,794, 55, 584, 0, -3, 0, -16, 5, 32, 119, 101,1
2025-02-19 14:05:01.484,798, 69, 584, 4, -2, -1, -16, 4, 30, 223, 107,1
2025-02-19 14:05:01.591,789, 59, 597, 4, 0, -2, -17, 1, 29, 143, 111,1
2025-02-19 14:05:01.697,824, 44, 540, 2, -1, -6, -18, 3, 30, 0, 119,1
2025-02-19 14:05:01.808,790, 68, 630, -6, -14, -3, -17, 3, 29, 532, 121,1
2025-02-19 14:05:01.914,906, 389, 465, -13, -7, 72, -16, 4, 29, 0, 123,1
2025-02-19 14:05:02.017,574, -43, 651, -27, 46, -6, -16, 5, 29, 0, 93,1
2025-02-19 14:05:02.132,1135, 116, 557, -11, -33, 21, -17, 6, 31, 1, 123,1
2025-02-19 14:05:02.233,835, 38, 555, 2, 2, 3, -17, 6, 32, 0, 10,1
2025-02-19 14:05:02.344,614, -110, 668, -18, 19, -6, -17, 7, 28, 0, 61,1
2025-02-19 14:05:03.163,771, 57, 602, -2, 2, -8, -17, 3, 30, 628, 86,2
2025-02-19 14:05:03.257,775, 78, 618, -1, -1, -4, -18, 3, 29, 623, 86,2
2025-02-19 14:05:03.367,750, 111, 609, 19, -17, -14, -15, 1, 29, 557, 103,2
2025-02-19 14:05:03.479,953, 137, 590, -36, -14, -17, -17, 0, 29, 687, 106,2
2025-02-19 14:05:03.580,731, 13, 664, -14, 18, 49, -17, 4, 28, 457, 9,2
2025-02-19 14:05:03.684,1024, 30, 575, 3, -8, -4, -17, 3, 27, 0, 9,2
2025-02-19 14:05:03.790,791, 39, 621, 1, -6, 20, -18, 6, 30, 0, 10,2
2025-02-19 14:05:03.900,573, -138, 748, -2, 20, 11, -17, 7, 27, 89, 8,2
2025-02-19 14:05:04.721,756, 2, 628, 5, 0, -6, -17, 6, 26, 132, 59,3
2025-02-19 14:05:04.814,749, 20, 627, 8, -3, -9, -16, 4, 27, 649, 64,3
2025-02-19 14:05:04.924,749, 72, 652, 7, -6, -10, -17, 4, 28, 734, 73,3
2025-02-19 14:05:05.036,648, 45, 622, 26, -19, -24, -17, 2, 28, 724, 91,3
2025-02-19 14:05:05.142,787, -10, 521, -6, 7, -13, -18, 1, 27, 265, 105,3
2025-02-19 14:05:05.248,733, 130, 657, -6, -5, -1, -16, -1, 29, 620, 102,3
2025-02-19 14:05:05.355,780, 114, 597, -4, 0, -2, -17, 1, 28, 508, 104,3
2025-02-19 14:05:05.466,834, 196, 631, -6, -6, -7, -16, -2, 29, 617, 102,3
2025-02-19 14:05:05.567,737, 89, 619, -9, -3, -3, -16, -1, 30, 729, 7,3
2025-02-19 14:05:05.673,825, 120, 555, -4, 7, 16, -19, 0, 27, 371, 8,3
2025-02-19 14:05:05.784,775, 92, 620, -12, -18, 10, -16, 1, 29, 576, 8,3
2025-02-19 14:05:05.883,777, 113, 640, 10, 2, 50, -17, 3, 30, 0, 8,3
2025-02-19 14:05:05.998,998, 157, 537, -85, 90, 43, -16, 7, 29, 0, 8,3
2025-02-19 14:05:06.105,466, -205, 711, 27, -24, -6, -17, 7, 26, 0, 37,3
2025-02-19 14:05:06.923,757, 27, 630, 4, -10, -5, -16, 4, 26, 570, 65,4
2025-02-19 14:05:07.018,737, 38, 625, 3, -2, -12, -17, 5, 29, 657, 72,4
2025-02-19 14:05:07.124,785, 76, 612, -1, -6, -5, -16, 1, 27, 668, 80,4
2025-02-19 14:05:07.234,719, 65, 592, 8, -23, -18, -17, 0, 27, 699, 100,4
2025-02-19 14:05:07.341,694, -69, 687, -22, 15, 4, -18, 2, 30, 294, 109,4
2025-02-19 14:05:07.452,1256, 113, 445, 3, -29, -8, -18, 1, 28, 50, 106,4
2025-02-19 14:05:07.558,793, 99, 632, 13, -1, 14, -16, 3, 31, 438, 111,4
2025-02-19 14:05:07.669,617, -106, 604, 34, -48, -27, -17, 3, 30, 501, 105,4
2025-02-19 14:05:07.771,753, 190, 560, 17, -18, 79, -16, 2, 30, 0, 118,4
2025-02-19 14:05:07.879,737, 19, 570, -85, 88, 27, -17, 6, 29, 76, 63,4
2025-02-19 14:05:07.985,714, -25, 675, 7, -17, -9, -14, 6, 26, 0, 45,4
2025-02-19 14:05:08.803,762, 51, 633, 6, -1, -5, -16, 5, 28, 256, 75,5
2025-02-19 14:05:08.898,769, 69, 612, 5, -4, -3, -15, 3, 27, 383, 81,5
2025-02-19 14:05:09.005,753, 79, 640, 6, 0, -6, -17, 3, 27, 409, 86,5
2025-02-19 14:05:09.115,1550, 24, 425, -7, -3, -35, -16, 2, 29, 0, 107,5
2025-02-19 14:05:09.214,659, 44, 691, 7, -21, 12, -17, 0, 28, 443, 108,5
2025-02-19 14:05:09.323,642, 159, 652, -25, 24, -16, -17, 0, 27, 0, 93,5
2025-02-19 14:05:09.434,796, 88, 719, -17, -2, 39, -16, 0, 29, 0, 101,5
2025-02-19 14:05:09.545,854, 36, 558, -6, -17, 18, -18, 1, 28, 103, 103,5
2025-02-19 14:05:09.649,732, 98, 568, 21, 0, 29, -17, 2, 28, 0, 111,5
2025-02-19 14:05:09.758,773, 104, 564, -75, 59, 23, -17, 6, 27, 0, 63,5
2025-02-19 14:05:09.864,628, -90, 694, 25, -41, -28, -17, 3, 27, 2, 53,5
2025-02-19 14:05:10.683,784, 52, 611, -4, 0, -4, -18, 4, 28, 0, 79,6
2025-02-19 14:05:10.778,792, 50, 603, 1, -3, -4, -17, 2, 29, 0, 81,6
2025-02-19 14:05:10.889,662, 16, 625, 24, -41, -28, -17, 1, 28, 0, 110,6
2025-02-19 14:05:10.995,666, -65, 626, -19, 30, -35, -17, 2, 31, 0, 114,6
2025-02-19 14:05:11.097,799, 321, 601, 5, -29, 62, -16, 3, 28, 0, 9,6
2025-02-19 14:05:11.203,720, -94, 583, -2, 25, -36, -18, 3, 29, 0, 104,6
2025-02-19 14:05:11.314,609, -21, 651, -50, 53, 49, -17, 5, 26, 3, 44,6
2025-02-19 14:05:11.422,707, -79, 680, 11, -26, -9, -16, 5, 25, 0, 39,6
2025-02-19 14:05:12.338,750, 80, 623, 9, -1, -5, -18, 4, 29, 0, 77,7
2025-02-19 14:05:12.436,786, 85, 635, 1, 0, -4, -18, 4, 28, 236, 81,7
2025-02-19 14:05:12.543,738, 69, 645, 1, 8, -9, -17, 2, 28, 220, 81,7
2025-02-19 14:05:12.649,1085, 0, 693, 9, 8, -37, -18, 2, 29, 0, 104,7
2025-02-19 14:05:12.760,650, -2, 770, -12, -18, 5, -17, 1, 30, 408, 104,7
2025-02-19 14:05:12.867,795, 318, 534, -8, -6, 52, -16, 1, 27, 0, 108,7
2025-02-19 14:05:12.973,730, 7, 679, -25, 35, -45, -16, 2, 28, 0, 98,7
2025-02-19 14:05:13.084,905, 246, 557, -40, -45, 11, -17, 1, 27, 0, 106,7
2025-02-19 14:05:13.186,862, 156, 666, 20, 4, 37, -16, 2, 30, 0, 110,7
2025-02-19 14:05:13.293,580, -90, 696, -8, 1, -2, -16, 4, 27, 0, 53,7
2025-02-19 14:05:14.111,778, 24, 612, -1, -3, 0, -18, 4, 29, 0, 78,8
2025-02-19 14:05:14.206,835, 58, 585, 2, -6, 3, -17, 4, 28, 0, 92,8
2025-02-19 14:05:14.314,796, 20, 582, 6, -9, -1, -18, 4, 29, 0, 100,8
2025-02-19 14:05:14.423,805, 33, 589, 3, 7, -17, -17, 3, 31, 0, 117,8
2025-02-19 14:05:14.529,966, 68, 487, -13, -2, 49, -18, 4, 29, 0, 112,8
2025-02-19 14:05:14.636,718, 2, 633, 4, -8, -44, -17, 5, 28, 0, 120,8
2025-02-19 14:05:14.747,1060, -56, 421, -16, 12, -37, -18, 2, 30, 0, 106,8
2025-02-19 14:05:14.853,663, 47, 761, -35, -13, -6, -18, 0, 30, 0, 106,8
2025-02-19 14:05:14.960,1135, 123, 505, 45, 27, 39, -16, 0, 28, 1, 104,8
2025-02-19 14:05:15.067,438, -212, 727, 7, -6, 16, -18, 7, 26, 0, 39,8
2025-02-19 14:05:15.787,785, 42, 593, -2, -1, -6, -15, 3, 30, 0, 76,9
2025-02-19 14:05:15.877,794, 35, 601, 0, -4, -4, -17, 3, 28, 0, 79,9
2025-02-19 14:05:15.988,826, 88, 558, 5, -12, -8, -17, 3, 31, 0, 104,9
2025-02-19 14:05:16.094,773, 82, 601, 0, 3, -19, -17, 2, 30, 0, 116,9
2025-02-19 14:05:16.207,810, 80, 548, -28, 32, -2, -17, 1, 29, 1, 109,9
2025-02-19 14:05:16.311,776, 81, 615, 22, -25, -3, -18, 1, 28, 0, 112,9
2025-02-19 14:05:16.422,1253, -96, 770, 40, -16, -26, -18, 0, 31, 2, 108,9
2025-02-19 14:05:16.528,828, 215, 646, 33, -13, 70, -17, 4, 29, 0, 118,9
2025-02-19 14:05:16.635,846, 158, 490, -94, 108, 54, -16, 5, 28, 0, 60,9
2025-02-19 14:05:16.742,642, -110, 724, 29, -22, -7, -15, 7, 26, 0, 36,9
